[ae] ACCEPT session=1 pcb=20029D80

[ae] RX HELLO session=1 role=0

[ae] MIC ENABLE session=1 pcb=20029D80

[ae] AUTH OK session=1 role=0

[ae] sending mic frame 0

[ae] PUMP SEND session=1 len=5131 err=0 sndbuf=6544 qlen=5

[ae] tcp_sent session=1 len=5 sndbuf=6549 qlen=4

[ae] sending mic frame 1

[ae] PUMP SEND session=1 len=5131 err=0 sndbuf=1418 qlen=9

[ae] tcp_sent session=1 len=1460 sndbuf=2878 qlen=8

[ae] tcp_sent session=1 len=1460 sndbuf=4338 qlen=7

[ae] tcp_sent session=1 len=1460 sndbuf=5798 qlen=6

[ae] tcp_sent session=1 len=1460 sndbuf=7258 qlen=4

[ae] tcp_sent session=1 len=1460 sndbuf=8718 qlen=3

[ae] sending mic frame 2

[ae] tcp_sent session=1 len=1460 sndbuf=5047 qlen=6

[ae] tcp_sent session=1 len=1460 sndbuf=6507 qlen=5

[ae] tcp_sent session=1 len=1460 sndbuf=2836 qlen=8

[ae] tcp_sent session=1 len=1460 sndbuf=4296 qlen=7

[ae] tcp_sent session=1 len=1460 sndbuf=5756 qlen=6

[ae] tcp_sent session=1 len=1460 sndbuf=7216 qlen=4

[ae] RX FIN session=1 pcb=20029D80

[ae] CLOSE REQUEST session=1 pcb=20029D80 sndbuf=7216 qlen=4 slots=1

[ae] tcp_close session=1 err=0

[ae] CLOSE RELEASE session=1 slots=0

[ae] ACCEPT session=2 pcb=20029D80

[ae] RX HELLO session=2 role=0

[ae] MIC ENABLE session=2 pcb=20029D80

[ae] AUTH OK session=2 role=0

[ae] tcp_sent session=2 len=5 sndbuf=6549 qlen=4

[ae] tcp_sent session=2 len=1460 sndbuf=8009 qlen=3

[ae] tcp_sent session=2 len=1460 sndbuf=9469 qlen=2

[ae] tcp_sent session=2 len=1460 sndbuf=5798 qlen=6

[ae] tcp_sent session=2 len=1460 sndbuf=7258 qlen=4

[ae] tcp_sent session=2 len=1460 sndbuf=8718 qlen=3

[ae] tcp_sent session=2 len=1460 sndbuf=10178 qlen=2

[ae] tcp_sent session=2 len=1460 sndbuf=11638 qlen=1

[ae] tcp_sent session=2 len=42 sndbuf=6549 qlen=4

[ae] tcp_sent session=2 len=1460 sndbuf=2878 qlen=8

[ae] tcp_sent session=2 len=1460 sndbuf=4338 qlen=7

[ae] tcp_sent session=2 len=1460 sndbuf=5798 qlen=6

[ae] tcp_sent session=2 len=1460 sndbuf=2127 qlen=8

[ae] RX FIN session=2 pcb=20029D80

[ae] CLOSE REQUEST session=2 pcb=20029D80 sndbuf=2127 qlen=8 slots=1

[ae] tcp_close session=2 err=0

[ae] CLOSE RELEASE session=2 slots=0

[ae] ACCEPT session=3 pcb=20029CA8

[ae] RX HELLO session=3 role=0

[ae] MIC ENABLE session=3 pcb=20029CA8

[ae] AUTH OK session=3 role=0

[ae] tcp_sent session=3 len=5 sndbuf=6549 qlen=4

[ae] tcp_sent session=3 len=1460 sndbuf=8009 qlen=3

[ae] tcp_sent session=3 len=1460 sndbuf=9469 qlen=2

[ae] tcp_sent session=3 len=1460 sndbuf=5798 qlen=6

[ae] tcp_sent session=3 len=1460 sndbuf=7258 qlen=4

[ae] tcp_sent session=3 len=1460 sndbuf=3587 qlen=7

[ae] tcp_sent session=3 len=2920 sndbuf=6507 qlen=5

[ae] tcp_sent session=3 len=1460 sndbuf=7967 qlen=3

[ae] tcp_sent session=3 len=1460 sndbuf=9427 qlen=2

[ae] tcp_sent session=3 len=1460 sndbuf=10887 qlen=1

[ae] tcp_sent session=3 len=793 sndbuf=6549 qlen=4

[ae] tcp_sent session=3 len=1460 sndbuf=8009 qlen=3

[ae] tcp_sent session=3 len=1460 sndbuf=4338 qlen=7

[ae] tcp_sent session=3 len=1460 sndbuf=5798 qlen=6

[ae] tcp_sent session=3 len=1460 sndbuf=7258 qlen=4

[ae] tcp_sent session=3 len=1460 sndbuf=3587 qlen=7

[ae] tcp_sent session=3 len=2920 sndbuf=6507 qlen=5

[ae] tcp_sent session=3 len=1460 sndbuf=7967 qlen=3

[ae] PUMP SKIP session=3 pcb=20029CA8 reason=sndbuf sndbuf=2836 qlen=8

[ae] tcp_sent session=3 len=8760 sndbuf=11596 qlen=1

[ae] RX FIN session=3 pcb=20029CA8

[ae] CLOSE REQUEST session=3 pcb=20029CA8 sndbuf=11596 qlen=1 slots=1

[ae] tcp_close session=3 err=0

[ae] CLOSE RELEASE session=3 slots=0

[ae] ACCEPT session=4 pcb=20029D80

[ae] RX HELLO session=4 role=0

[ae] MIC ENABLE session=4 pcb=20029D80

[ae] AUTH OK session=4 role=0

[ae] tcp_sent session=4 len=5 sndbuf=6549 qlen=4

[ae] tcp_sent session=4 len=1460 sndbuf=8009 qlen=3

[ae] tcp_sent session=4 len=1460 sndbuf=9469 qlen=2

[ae] tcp_sent session=4 len=1460 sndbuf=5798 qlen=6

[ae] tcp_sent session=4 len=1460 sndbuf=2127 qlen=8

[ae] tcp_sent session=4 len=1460 sndbuf=3587 qlen=7

[ae] tcp_sent session=4 len=2920 sndbuf=6507 qlen=5

[ae] tcp_sent session=4 len=1460 sndbuf=7967 qlen=3

[ae] tcp_sent session=4 len=1460 sndbuf=9427 qlen=2

[ae] tcp_sent session=4 len=1460 sndbuf=10887 qlen=1

[ae] tcp_sent session=4 len=793 sndbuf=6549 qlen=4

[ae] RX FIN session=4 pcb=20029D80

[ae] CLOSE REQUEST session=4 pcb=20029D80 sndbuf=6549 qlen=4 slots=1

[ae] tcp_close session=4 err=0

[ae] CLOSE RELEASE session=4 slots=0

[ae] ACCEPT session=5 pcb=20029CA8

[ae] RX HELLO session=5 role=0

[ae] MIC ENABLE session=5 pcb=20029CA8

[ae] AUTH OK session=5 role=0

[ae] tcp_sent session=5 len=5 sndbuf=6549 qlen=4

[ae] tcp_sent session=5 len=1460 sndbuf=2878 qlen=8

[ae] tcp_sent session=5 len=2920 sndbuf=5798 qlen=6

[ae] tcp_sent session=5 len=1460 sndbuf=2127 qlen=8

[ae] tcp_sent session=5 len=1460 sndbuf=3587 qlen=7

[ae] tcp_sent session=5 len=2920 sndbuf=6507 qlen=5

[ae] tcp_sent session=5 len=1460 sndbuf=7967 qlen=3

[ae] tcp_sent session=5 len=1460 sndbuf=9427 qlen=2

[ae] tcp_sent session=5 len=2920 sndbuf=7216 qlen=4

[ae] RX FIN session=5 pcb=20029CA8

[ae] CLOSE REQUEST session=5 pcb=20029CA8 sndbuf=7216 qlen=4 slots=1

[ae] tcp_close session=5 err=0

[ae] CLOSE RELEASE session=5 slots=0

[ae] ACCEPT session=6 pcb=20029D80

[ae] RX HELLO session=6 role=0

[ae] MIC ENABLE session=6 pcb=20029D80

[ae] AUTH OK session=6 role=0

[ae] tcp_sent session=6 len=5 sndbuf=6549 qlen=4

[ae] tcp_sent session=6 len=1460 sndbuf=8009 qlen=3

[ae] tcp_sent session=6 len=1460 sndbuf=4338 qlen=7

[ae] tcp_sent session=6 len=1460 sndbuf=5798 qlen=6

[ae] tcp_sent session=6 len=1460 sndbuf=7258 qlen=4

[ae] tcp_sent session=6 len=1460 sndbuf=8718 qlen=3

[ae] tcp_sent session=6 len=1460 sndbuf=5047 qlen=6

[ae] tcp_sent session=6 len=1460 sndbuf=6507 qlen=5

[ae] tcp_sent session=6 len=1460 sndbuf=7967 qlen=3

[ae] tcp_sent session=6 len=1460 sndbuf=9427 qlen=2

[ae] tcp_sent session=6 len=1460 sndbuf=5756 qlen=6

[ae] tcp_sent session=6 len=1460 sndbuf=7216 qlen=4

[ae] RX FIN session=6 pcb=20029D80

[ae] CLOSE REQUEST session=6 pcb=20029D80 sndbuf=7216 qlen=4 slots=1

[ae] tcp_close session=6 err=0

[ae] CLOSE RELEASE session=6 slots=0

[ae] ACCEPT session=7 pcb=20029CA8

[ae] RX HELLO session=7 role=0

[ae] MIC ENABLE session=7 pcb=20029CA8

[ae] AUTH OK session=7 role=0

[ae] tcp_sent session=7 len=5 sndbuf=6549 qlen=4

[ae] tcp_sent session=7 len=2920 sndbuf=9469 qlen=2

[ae] tcp_sent session=7 len=1460 sndbuf=10929 qlen=1

[ae] tcp_sent session=7 len=751 sndbuf=6549 qlen=4

[ae] tcp_sent session=7 len=1460 sndbuf=8009 qlen=3

[ae] tcp_sent session=7 len=1460 sndbuf=4338 qlen=7

[ae] tcp_sent session=7 len=1460 sndbuf=5798 qlen=6

[ae] tcp_sent session=7 len=1460 sndbuf=7258 qlen=4

[ae] tcp_sent session=7 len=1460 sndbuf=8718 qlen=3

[ae] tcp_sent session=7 len=2920 sndbuf=6507 qlen=5

[ae] tcp_sent session=7 len=1460 sndbuf=7967 qlen=3

[ae] RX FIN session=7 pcb=20029CA8

[ae] CLOSE REQUEST session=7 pcb=20029CA8 sndbuf=7967 qlen=3 slots=1

[ae] tcp_close session=7 err=0

[ae] CLOSE RELEASE session=7 slots=0

[ae] ACCEPT session=8 pcb=20029D80

[ae] RX HELLO session=8 role=0

[ae] MIC ENABLE session=8 pcb=20029D80

[ae] AUTH OK session=8 role=0

[ae] tcp_sent session=8 len=5 sndbuf=6549 qlen=4

[ae] tcp_sent session=8 len=1460 sndbuf=8009 qlen=3

[ae] tcp_sent session=8 len=1460 sndbuf=4338 qlen=7

[ae] tcp_sent session=8 len=1460 sndbuf=5798 qlen=6

[ae] tcp_sent session=8 len=1460 sndbuf=7258 qlen=4

[ae] tcp_sent session=8 len=1460 sndbuf=3587 qlen=7

[ae] tcp_sent session=8 len=1460 sndbuf=5047 qlen=6

[ae] tcp_sent session=8 len=1460 sndbuf=6507 qlen=5

[ae] tcp_sent session=8 len=2920 sndbuf=9427 qlen=2

[ae] tcp_sent session=8 len=1460 sndbuf=10887 qlen=1

[ae] tcp_sent session=8 len=793 sndbuf=6549 qlen=4

[ae] RX FIN session=8 pcb=20029D80

[ae] CLOSE REQUEST session=8 pcb=20029D80 sndbuf=6549 qlen=4 slots=1

[ae] tcp_close session=8 err=0

[ae] CLOSE RELEASE session=8 slots=0

[ae] ACCEPT session=9 pcb=20029CA8

[ae] RX HELLO session=9 role=0

[ae] MIC ENABLE session=9 pcb=20029CA8

[ae] AUTH OK session=9 role=0

[ae] tcp_sent session=9 len=5 sndbuf=6549 qlen=4

[ae] tcp_sent session=9 len=2920 sndbuf=4338 qlen=7

[ae] tcp_sent session=9 len=1460 sndbuf=5798 qlen=6

[ae] tcp_sent session=9 len=1460 sndbuf=2127 qlen=8

[ae] tcp_sent session=9 len=1460 sndbuf=3587 qlen=7

[ae] tcp_sent session=9 len=2920 sndbuf=6507 qlen=5

[ae] tcp_sent session=9 len=4380 sndbuf=5756 qlen=6

[ae] tcp_sent session=9 len=1460 sndbuf=2085 qlen=8

[ae] RX FIN session=9 pcb=20029CA8

[ae] CLOSE REQUEST session=9 pcb=20029CA8 sndbuf=2085 qlen=8 slots=1

[ae] tcp_close session=9 err=0

[ae] CLOSE RELEASE session=9 slots=0

[ae] ACCEPT session=10 pcb=20029D80

[ae] RX HELLO session=10 role=0

[ae] MIC ENABLE session=10 pcb=20029D80

[ae] AUTH OK session=10 role=0

[ae] tcp_sent session=10 len=5 sndbuf=6549 qlen=4

[ae] tcp_sent session=10 len=1460 sndbuf=2878 qlen=8

[ae] tcp_sent session=10 len=1460 sndbuf=4338 qlen=7

[ae] tcp_sent session=10 len=1460 sndbuf=5798 qlen=6

[ae] tcp_sent session=10 len=1460 sndbuf=7258 qlen=4

[ae] tcp_sent session=10 len=2920 sndbuf=10178 qlen=2

[ae] tcp_sent session=10 len=1460 sndbuf=6507 qlen=5

[ae] tcp_sent session=10 len=2920 sndbuf=9427 qlen=2

[ae] tcp_sent session=10 len=1460 sndbuf=10887 qlen=1

[ae] tcp_sent session=10 len=793 sndbuf=6549 qlen=4

[ae] RX FIN session=10 pcb=20029D80

[ae] CLOSE REQUEST session=10 pcb=20029D80 sndbuf=6549 qlen=4 slots=1

[ae] tcp_close session=10 err=0

[ae] CLOSE RELEASE session=10 slots=0

[ae] ACCEPT session=11 pcb=20029CA8

[ae] RX HELLO session=11 role=0

[ae] MIC ENABLE session=11 pcb=20029CA8

[ae] AUTH OK session=11 role=0

[ae] tcp_sent session=11 len=5 sndbuf=11680 qlen=0

[ae] tcp_sent session=11 len=1460 sndbuf=2878 qlen=8

[ae] tcp_sent session=11 len=1460 sndbuf=4338 qlen=7

[ae] tcp_sent session=11 len=1460 sndbuf=5798 qlen=6

[ae] tcp_sent session=11 len=1460 sndbuf=7258 qlen=4

[ae] tcp_sent session=11 len=1460 sndbuf=8718 qlen=3

[ae] tcp_sent session=11 len=2920 sndbuf=6507 qlen=5

[ae] tcp_sent session=11 len=1460 sndbuf=7967 qlen=3

[ae] tcp_sent session=11 len=1460 sndbuf=4296 qlen=7

[ae] tcp_sent session=11 len=1460 sndbuf=5756 qlen=6

[ae] tcp_sent session=11 len=1460 sndbuf=7216 qlen=4

[ae] RX FIN session=11 pcb=20029CA8

[ae] CLOSE REQUEST session=11 pcb=20029CA8 sndbuf=7216 qlen=4 slots=1

[ae] tcp_close session=11 err=0

[ae] CLOSE RELEASE session=11 slots=0

[ae] ACCEPT session=12 pcb=20029D80

[ae] RX HELLO session=12 role=0

[ae] MIC ENABLE session=12 pcb=20029D80

[ae] AUTH OK session=12 role=0

[ae] tcp_sent session=12 len=5 sndbuf=6549 qlen=4

[ae] tcp_sent session=12 len=1460 sndbuf=8009 qlen=3

[ae] tcp_sent session=12 len=1460 sndbuf=9469 qlen=2

[ae] tcp_sent session=12 len=1460 sndbuf=5798 qlen=6

[ae] tcp_sent session=12 len=1460 sndbuf=7258 qlen=4

[ae] PUMP WAIT session=12 raw=150047 consumed=58

[ae] tcp_sent session=12 len=4380 sndbuf=11638 qlen=1

[ae] tcp_sent session=12 len=42 sndbuf=11680 qlen=0

[ae] tcp_sent session=12 len=1460 sndbuf=8009 qlen=3

[ae] tcp_sent session=12 len=1460 sndbuf=9469 qlen=2

[ae] tcp_sent session=12 len=1460 sndbuf=10929 qlen=1

[ae] tcp_sent session=12 len=751 sndbuf=11680 qlen=0

[ae] RX FIN session=12 pcb=20029D80

[ae] CLOSE REQUEST session=12 pcb=20029D80 sndbuf=11680 qlen=0 slots=1

[ae] tcp_close session=12 err=0

[ae] CLOSE RELEASE session=12 slots=0

[ae] ACCEPT session=13 pcb=20029CA8

[ae] RX HELLO session=13 role=0

[ae] MIC ENABLE session=13 pcb=20029CA8

[ae] AUTH OK session=13 role=0

[ae] tcp_sent session=13 len=2925 sndbuf=9469 qlen=2

[ae] tcp_sent session=13 len=1460 sndbuf=10929 qlen=1

[ae] tcp_sent session=13 len=751 sndbuf=6549 qlen=4

[ae] tcp_sent session=13 len=2920 sndbuf=9469 qlen=2

[ae] tcp_sent session=13 len=1460 sndbuf=10929 qlen=1

[ae] tcp_sent session=13 len=751 sndbuf=11680 qlen=0

[ae] tcp_sent session=13 len=1460 sndbuf=8009 qlen=3

[ae] tcp_sent session=13 len=2920 sndbuf=10929 qlen=1

[ae] tcp_sent session=13 len=751 sndbuf=11680 qlen=0

[ae] RX FIN session=13 pcb=20029CA8

[ae] CLOSE REQUEST session=13 pcb=20029CA8 sndbuf=11680 qlen=0 slots=1

[ae] tcp_close session=13 err=0

[ae] CLOSE RELEASE session=13 slots=0

[ae] ACCEPT session=14 pcb=20029D80

[ae] RX HELLO session=14 role=0

[ae] MIC ENABLE session=14 pcb=20029D80

[ae] AUTH OK session=14 role=0

[ae] tcp_sent session=14 len=5 sndbuf=11680 qlen=0

[ae] tcp_sent session=14 len=1460 sndbuf=8009 qlen=3

[ae] tcp_sent session=14 len=1460 sndbuf=9469 qlen=2

[ae] tcp_sent session=14 len=1460 sndbuf=10929 qlen=1

[ae] tcp_sent session=14 len=751 sndbuf=11680 qlen=0

[ae] tcp_sent session=14 len=1460 sndbuf=8009 qlen=3

[ae] tcp_sent session=14 len=1460 sndbuf=9469 qlen=2

[ae] tcp_sent session=14 len=1460 sndbuf=10929 qlen=1

[ae] tcp_sent session=14 len=751 sndbuf=11680 qlen=0

[ae] tcp_sent session=14 len=1460 sndbuf=8009 qlen=3

[ae] tcp_sent session=14 len=2920 sndbuf=10929 qlen=1

[ae] tcp_sent session=14 len=751 sndbuf=11680 qlen=0

[ae] RX FIN session=14 pcb=20029D80

[ae] CLOSE REQUEST session=14 pcb=20029D80 sndbuf=11680 qlen=0 slots=1

[ae] tcp_close session=14 err=0

[ae] CLOSE RELEASE session=14 slots=0

[ae] ACCEPT session=15 pcb=20029CA8

[ae] RX HELLO session=15 role=0

[ae] MIC ENABLE session=15 pcb=20029CA8

[ae] AUTH OK session=15 role=0

[ae] tcp_sent session=15 len=5 sndbuf=11680 qlen=0

[ae] tcp_sent session=15 len=2920 sndbuf=9469 qlen=2

[ae] tcp_sent session=15 len=1460 sndbuf=10929 qlen=1

[ae] tcp_sent session=15 len=751 sndbuf=11680 qlen=0

[ae] tcp_sent session=15 len=1460 sndbuf=8009 qlen=3

[ae] tcp_sent session=15 len=1460 sndbuf=9469 qlen=2

[ae] tcp_sent session=15 len=1460 sndbuf=10929 qlen=1

[ae] tcp_sent session=15 len=751 sndbuf=11680 qlen=0

[ae] tcp_sent session=15 len=1460 sndbuf=8009 qlen=3

[ae] tcp_sent session=15 len=1460 sndbuf=9469 qlen=2

[ae] tcp_sent session=15 len=1460 sndbuf=10929 qlen=1

[ae] tcp_sent session=15 len=751 sndbuf=11680 qlen=0

[ae] RX FIN session=15 pcb=20029CA8

[ae] CLOSE REQUEST session=15 pcb=20029CA8 sndbuf=11680 qlen=0 slots=1

[ae] tcp_close session=15 err=0

[ae] CLOSE RELEASE session=15 slots=0

[ae] ACCEPT session=16 pcb=20029D80

[ae] RX HELLO session=16 role=0

[ae] MIC ENABLE session=16 pcb=20029D80

[ae] AUTH OK session=16 role=0

[ae] tcp_sent session=16 len=5 sndbuf=11680 qlen=0

[ae] tcp_sent session=16 len=1460 sndbuf=8009 qlen=3

[ae] tcp_sent session=16 len=2920 sndbuf=10929 qlen=1

[ae] tcp_sent session=16 len=751 sndbuf=11680 qlen=0

[ae] tcp_sent session=16 len=4380 sndbuf=10929 qlen=1

[ae] tcp_sent session=16 len=751 sndbuf=11680 qlen=0

[ae] tcp_sent session=16 len=1460 sndbuf=8009 qlen=3

[ae] tcp_sent session=16 len=1460 sndbuf=9469 qlen=2

[ae] tcp_sent session=16 len=1460 sndbuf=10929 qlen=1

[ae] tcp_sent session=16 len=751 sndbuf=11680 qlen=0

[ae] RX FIN session=16 pcb=20029D80

[ae] CLOSE REQUEST session=16 pcb=20029D80 sndbuf=11680 qlen=0 slots=1

[ae] tcp_close session=16 err=0

[ae] CLOSE RELEASE session=16 slots=0

[ae] ACCEPT session=17 pcb=20029CA8

[ae] RX HELLO session=17 role=0

[ae] MIC ENABLE session=17 pcb=20029CA8

[ae] AUTH OK session=17 role=0

[ae] tcp_sent session=17 len=5 sndbuf=11680 qlen=0

[ae] tcp_sent session=17 len=1460 sndbuf=8009 qlen=3

[ae] tcp_sent session=17 len=1460 sndbuf=9469 qlen=2

[ae] tcp_sent session=17 len=1460 sndbuf=10929 qlen=1

[ae] tcp_sent session=17 len=751 sndbuf=11680 qlen=0

[ae] tcp_sent session=17 len=2920 sndbuf=9469 qlen=2

[ae] tcp_sent session=17 len=1460 sndbuf=10929 qlen=1

[ae] tcp_sent session=17 len=751 sndbuf=11680 qlen=0

[ae] tcp_sent session=17 len=1460 sndbuf=8009 qlen=3

[ae] tcp_sent session=17 len=1460 sndbuf=9469 qlen=2

[ae] tcp_sent session=17 len=1460 sndbuf=10929 qlen=1

[ae] tcp_sent session=17 len=751 sndbuf=11680 qlen=0

[ae] RX FIN session=17 pcb=20029CA8

[ae] CLOSE REQUEST session=17 pcb=20029CA8 sndbuf=11680 qlen=0 slots=1

[ae] tcp_close session=17 err=0

[ae] CLOSE RELEASE session=17 slots=0

[ae] ACCEPT session=18 pcb=20029D80

[ae] RX HELLO session=18 role=0

[ae] MIC ENABLE session=18 pcb=20029D80

[ae] AUTH OK session=18 role=0

[ae] tcp_sent session=18 len=5 sndbuf=11680 qlen=0

[ae] tcp_sent session=18 len=2920 sndbuf=9469 qlen=2

[ae] tcp_sent session=18 len=1460 sndbuf=10929 qlen=1

[ae] tcp_sent session=18 len=751 sndbuf=11680 qlen=0

[ae] tcp_sent session=18 len=1460 sndbuf=8009 qlen=3

[ae] tcp_sent session=18 len=1460 sndbuf=9469 qlen=2

[ae] tcp_sent session=18 len=1460 sndbuf=10929 qlen=1

[ae] tcp_sent session=18 len=751 sndbuf=11680 qlen=0

[ae] PUMP WAIT session=18 raw=196522 consumed=76

[ae] tcp_sent session=18 len=1460 sndbuf=8009 qlen=3

[ae] tcp_sent session=18 len=1460 sndbuf=9469 qlen=2

[ae] tcp_sent session=18 len=1460 sndbuf=10929 qlen=1

[ae] tcp_sent session=18 len=751 sndbuf=11680 qlen=0

[ae] RX FIN session=18 pcb=20029D80

[ae] CLOSE REQUEST session=18 pcb=20029D80 sndbuf=11680 qlen=0 slots=1

[ae] tcp_close session=18 err=0

[ae] CLOSE RELEASE session=18 slots=0

[ae] ACCEPT session=19 pcb=20029CA8

[ae] RX HELLO session=19 role=0

[ae] MIC ENABLE session=19 pcb=20029CA8

[ae] AUTH OK session=19 role=0

[ae] tcp_sent session=19 len=5 sndbuf=11680 qlen=0

[ae] tcp_sent session=19 len=1460 sndbuf=8009 qlen=3

[ae] tcp_sent session=19 len=1460 sndbuf=9469 qlen=2

[ae] tcp_sent session=19 len=1460 sndbuf=10929 qlen=1

[ae] tcp_sent session=19 len=751 sndbuf=11680 qlen=0

[ae] tcp_sent session=19 len=1460 sndbuf=8009 qlen=3

[ae] tcp_sent session=19 len=2920 sndbuf=10929 qlen=1

[ae] tcp_sent session=19 len=751 sndbuf=11680 qlen=0

[ae] tcp_sent session=19 len=1460 sndbuf=8009 qlen=3

[ae] tcp_sent session=19 len=2920 sndbuf=10929 qlen=1

[ae] tcp_sent session=19 len=751 sndbuf=11680 qlen=0

[ae] RX FIN session=19 pcb=20029CA8

[ae] CLOSE REQUEST session=19 pcb=20029CA8 sndbuf=11680 qlen=0 slots=1

[ae] tcp_close session=19 err=0

[ae] CLOSE RELEASE session=19 slots=0

[ae] ACCEPT session=20 pcb=20029D80

[ae] RX HELLO session=20 role=0

[ae] MIC ENABLE session=20 pcb=20029D80

[ae] AUTH OK session=20 role=0

[ae] tcp_sent session=20 len=5 sndbuf=11680 qlen=0

[ae] tcp_sent session=20 len=1460 sndbuf=8009 qlen=3

[ae] tcp_sent session=20 len=1460 sndbuf=9469 qlen=2

[ae] tcp_sent session=20 len=1460 sndbuf=10929 qlen=1

[ae] tcp_sent session=20 len=751 sndbuf=11680 qlen=0

[ae] tcp_sent session=20 len=1460 sndbuf=8009 qlen=3

[ae] tcp_sent session=20 len=1460 sndbuf=9469 qlen=2

[ae] tcp_sent session=20 len=1460 sndbuf=10929 qlen=1

[ae] tcp_sent session=20 len=751 sndbuf=11680 qlen=0

[ae] tcp_sent session=20 len=1460 sndbuf=8009 qlen=3

[ae] tcp_sent session=20 len=1460 sndbuf=9469 qlen=2

[ae] tcp_sent session=20 len=1460 sndbuf=10929 qlen=1

[ae] tcp_sent session=20 len=751 sndbuf=11680 qlen=0

[ae] RX FIN session=20 pcb=20029D80

[ae] CLOSE REQUEST session=20 pcb=20029D80 sndbuf=11680 qlen=0 slots=1

[ae] tcp_close session=20 err=0

[ae] CLOSE RELEASE session=20 slots=0

[ae] ACCEPT session=21 pcb=20029CA8

[ae] RX HELLO session=21 role=0

[ae] MIC ENABLE session=21 pcb=20029CA8

[ae] AUTH OK session=21 role=0

[ae] tcp_sent session=21 len=5 sndbuf=11680 qlen=0

[ae] tcp_sent session=21 len=1460 sndbuf=8009 qlen=3

[ae] tcp_sent session=21 len=1460 sndbuf=9469 qlen=2

[ae] tcp_sent session=21 len=1460 sndbuf=10929 qlen=1

[ae] tcp_sent session=21 len=751 sndbuf=11680 qlen=0

[ae] tcp_sent session=21 len=1460 sndbuf=8009 qlen=3

[ae] tcp_sent session=21 len=2920 sndbuf=10929 qlen=1

[ae] tcp_sent session=21 len=751 sndbuf=11680 qlen=0

[ae] tcp_sent session=21 len=1460 sndbuf=8009 qlen=3

[ae] tcp_sent session=21 len=1460 sndbuf=9469 qlen=2

[ae] tcp_sent session=21 len=1460 sndbuf=10929 qlen=1

[ae] tcp_sent session=21 len=751 sndbuf=11680 qlen=0

[ae] RX FIN session=21 pcb=20029CA8

[ae] CLOSE REQUEST session=21 pcb=20029CA8 sndbuf=11680 qlen=0 slots=1

[ae] tcp_close session=21 err=0

[ae] CLOSE RELEASE session=21 slots=0

[ae] ACCEPT session=22 pcb=20029D80

[ae] RX HELLO session=22 role=0

[ae] MIC ENABLE session=22 pcb=20029D80

[ae] AUTH OK session=22 role=0

[ae] tcp_sent session=22 len=5 sndbuf=11680 qlen=0

[ae] tcp_sent session=22 len=1460 sndbuf=8009 qlen=3

[ae] tcp_sent session=22 len=1460 sndbuf=9469 qlen=2

[ae] tcp_sent session=22 len=1460 sndbuf=10929 qlen=1

[ae] tcp_sent session=22 len=751 sndbuf=11680 qlen=0

[ae] tcp_sent session=22 len=1460 sndbuf=8009 qlen=3

[ae] tcp_sent session=22 len=1460 sndbuf=9469 qlen=2

[ae] tcp_sent session=22 len=1460 sndbuf=10929 qlen=1

[ae] tcp_sent session=22 len=751 sndbuf=11680 qlen=0

[ae] tcp_sent session=22 len=1460 sndbuf=8009 qlen=3

[ae] tcp_sent session=22 len=1460 sndbuf=9469 qlen=2

[ae] tcp_sent session=22 len=1460 sndbuf=10929 qlen=1

[ae] tcp_sent session=22 len=751 sndbuf=11680 qlen=0

[ae] RX FIN session=22 pcb=20029D80

[ae] CLOSE REQUEST session=22 pcb=20029D80 sndbuf=11680 qlen=0 slots=1

[ae] tcp_close session=22 err=0

[ae] CLOSE RELEASE session=22 slots=0

[ae] ACCEPT session=23 pcb=20029CA8

[ae] RX HELLO session=23 role=0

[ae] MIC ENABLE session=23 pcb=20029CA8

[ae] AUTH OK session=23 role=0

[ae] tcp_sent session=23 len=5 sndbuf=11680 qlen=0

[ae] tcp_sent session=23 len=4380 sndbuf=10929 qlen=1

[ae] tcp_sent session=23 len=751 sndbuf=11680 qlen=0

[ae] tcp_sent session=23 len=1460 sndbuf=8009 qlen=3

[ae] tcp_sent session=23 len=1460 sndbuf=9469 qlen=2

[ae] tcp_sent session=23 len=1460 sndbuf=10929 qlen=1

[ae] tcp_sent session=23 len=751 sndbuf=11680 qlen=0

[ae] tcp_sent session=23 len=1460 sndbuf=8009 qlen=3

[ae] tcp_sent session=23 len=1460 sndbuf=9469 qlen=2

[ae] tcp_sent session=23 len=1460 sndbuf=10929 qlen=1

[ae] tcp_sent session=23 len=751 sndbuf=11680 qlen=0

[ae] RX FIN session=23 pcb=20029CA8

[ae] CLOSE REQUEST session=23 pcb=20029CA8 sndbuf=11680 qlen=0 slots=1

[ae] tcp_close session=23 err=0

[ae] CLOSE RELEASE session=23 slots=0

[ae] ACCEPT session=24 pcb=20029D80

[ae] RX HELLO session=24 role=0

[ae] MIC ENABLE session=24 pcb=20029D80

[ae] AUTH OK session=24 role=0

[ae] tcp_sent session=24 len=5 sndbuf=11680 qlen=0

[ae] tcp_sent session=24 len=1460 sndbuf=8009 qlen=3

[ae] tcp_sent session=24 len=1460 sndbuf=9469 qlen=2

[ae] tcp_sent session=24 len=1460 sndbuf=10929 qlen=1

[ae] tcp_sent session=24 len=751 sndbuf=11680 qlen=0

[ae] tcp_sent session=24 len=1460 sndbuf=8009 qlen=3

[ae] tcp_sent session=24 len=1460 sndbuf=9469 qlen=2

[ae] tcp_sent session=24 len=1460 sndbuf=10929 qlen=1

[ae] tcp_sent session=24 len=751 sndbuf=11680 qlen=0

[ae] PUMP WAIT session=24 raw=242633 consumed=94

[ae] tcp_sent session=24 len=1460 sndbuf=8009 qlen=3

[ae] tcp_sent session=24 len=2920 sndbuf=10929 qlen=1

[ae] tcp_sent session=24 len=751 sndbuf=11680 qlen=0

[ae] RX FIN session=24 pcb=20029D80

[ae] CLOSE REQUEST session=24 pcb=20029D80 sndbuf=11680 qlen=0 slots=1

[ae] tcp_close session=24 err=0

[ae] CLOSE RELEASE session=24 slots=0

[ae] ACCEPT session=25 pcb=20029CA8

[ae] RX HELLO session=25 role=0

[ae] MIC ENABLE session=25 pcb=20029CA8

[ae] AUTH OK session=25 role=0

[ae] tcp_sent session=25 len=5 sndbuf=6549 qlen=4

[ae] tcp_sent session=25 len=1460 sndbuf=8009 qlen=3

[ae] tcp_sent session=25 len=1460 sndbuf=9469 qlen=2

[ae] tcp_sent session=25 len=1460 sndbuf=10929 qlen=1

[ae] tcp_sent session=25 len=751 sndbuf=11680 qlen=0

[ae] tcp_sent session=25 len=1460 sndbuf=8009 qlen=3

[ae] tcp_sent session=25 len=1460 sndbuf=9469 qlen=2

[ae] tcp_sent session=25 len=1460 sndbuf=10929 qlen=1

[ae] tcp_sent session=25 len=751 sndbuf=11680 qlen=0

[ae] tcp_sent session=25 len=2920 sndbuf=9469 qlen=2

[ae] tcp_sent session=25 len=1460 sndbuf=10929 qlen=1

[ae] tcp_sent session=25 len=751 sndbuf=11680 qlen=0

[ae] RX FIN session=25 pcb=20029CA8

[ae] CLOSE REQUEST session=25 pcb=20029CA8 sndbuf=11680 qlen=0 slots=1

[ae] tcp_close session=25 err=0

[ae] CLOSE RELEASE session=25 slots=0

[ae] ACCEPT session=26 pcb=20029D80

[ae] RX HELLO session=26 role=0

[ae] MIC ENABLE session=26 pcb=20029D80

[ae] AUTH OK session=26 role=0

[ae] tcp_sent session=26 len=5 sndbuf=11680 qlen=0

[ae] tcp_sent session=26 len=1460 sndbuf=8009 qlen=3

[ae] tcp_sent session=26 len=1460 sndbuf=9469 qlen=2

[ae] tcp_sent session=26 len=1460 sndbuf=10929 qlen=1

[ae] tcp_sent session=26 len=751 sndbuf=11680 qlen=0

[ae] status mic=1 play=0 raw=255264 frames=99 ck=1 ws=0 pws=0 pdma=1052

[ae] tcp_sent session=26 len=1460 sndbuf=8009 qlen=3

[ae] sending mic frame 100

[ae] tcp_sent session=26 len=4380 sndbuf=7258 qlen=4

[ae] tcp_sent session=26 len=2920 sndbuf=10178 qlen=2

[ae] tcp_sent session=26 len=1460 sndbuf=11638 qlen=1

[ae] tcp_sent session=26 len=42 sndbuf=11680 qlen=0

[ae] RX FIN session=26 pcb=20029D80

[ae] CLOSE REQUEST session=26 pcb=20029D80 sndbuf=11680 qlen=0 slots=1

[ae] tcp_close session=26 err=0

[ae] CLOSE RELEASE session=26 slots=0

[ae] ACCEPT session=27 pcb=20029CA8

[ae] RX HELLO session=27 role=0

[ae] MIC ENABLE session=27 pcb=20029CA8

[ae] AUTH OK session=27 role=0

[ae] tcp_sent session=27 len=5 sndbuf=6549 qlen=4

[ae] tcp_sent session=27 len=1460 sndbuf=8009 qlen=3

[ae] tcp_sent session=27 len=1460 sndbuf=9469 qlen=2

[ae] tcp_sent session=27 len=1460 sndbuf=10929 qlen=1

[ae] tcp_sent session=27 len=751 sndbuf=11680 qlen=0

[ae] tcp_sent session=27 len=2920 sndbuf=9469 qlen=2

[ae] tcp_sent session=27 len=1460 sndbuf=10929 qlen=1

[ae] tcp_sent session=27 len=751 sndbuf=11680 qlen=0

[ae] tcp_sent session=27 len=4380 sndbuf=10929 qlen=1

[ae] tcp_sent session=27 len=751 sndbuf=11680 qlen=0

[ae] RX FIN session=27 pcb=20029CA8

[ae] CLOSE REQUEST session=27 pcb=20029CA8 sndbuf=11680 qlen=0 slots=1

[ae] tcp_close session=27 err=0

[ae] CLOSE RELEASE session=27 slots=0

[ae] ACCEPT session=28 pcb=20029D80

[ae] RX HELLO session=28 role=0

[ae] MIC ENABLE session=28 pcb=20029D80

[ae] AUTH OK session=28 role=0

[ae] tcp_sent session=28 len=5 sndbuf=6549 qlen=4

[ae] tcp_sent session=28 len=2920 sndbuf=9469 qlen=2

[ae] tcp_sent session=28 len=1460 sndbuf=10929 qlen=1

[ae] tcp_sent session=28 len=751 sndbuf=11680 qlen=0

[ae] tcp_sent session=28 len=1460 sndbuf=8009 qlen=3

[ae] tcp_sent session=28 len=2920 sndbuf=10929 qlen=1

[ae] tcp_sent session=28 len=751 sndbuf=11680 qlen=0

[ae] PUMP SEND session=28 len=5131 err=0 sndbuf=6549 qlen=4

[ae] tcp_sent session=28 len=1460 sndbuf=8009 qlen=3

[ae] tcp_sent session=28 len=1460 sndbuf=9469 qlen=2

[ae] tcp_sent session=28 len=1460 sndbuf=10929 qlen=1

[ae] tcp_sent session=28 len=751 sndbuf=11680 qlen=0

[ae] RX FIN session=28 pcb=20029D80

[ae] CLOSE REQUEST session=28 pcb=20029D80 sndbuf=11680 qlen=0 slots=1

[ae] tcp_close session=28 err=0

[ae] CLOSE RELEASE session=28 slots=0

[ae] ACCEPT session=29 pcb=20029CA8

[ae] RX HELLO session=29 role=0

[ae] MIC ENABLE session=29 pcb=20029CA8

[ae] AUTH OK session=29 role=0

[ae] tcp_sent session=29 len=5 sndbuf=11680 qlen=0

[ae] tcp_sent session=29 len=1460 sndbuf=8009 qlen=3

[ae] tcp_sent session=29 len=1460 sndbuf=9469 qlen=2

[ae] tcp_sent session=29 len=1460 sndbuf=10929 qlen=1

[ae] tcp_sent session=29 len=751 sndbuf=11680 qlen=0

[ae] tcp_sent session=29 len=1460 sndbuf=8009 qlen=3

[ae] tcp_sent session=29 len=2920 sndbuf=10929 qlen=1

[ae] tcp_sent session=29 len=751 sndbuf=11680 qlen=0

[ae] tcp_sent session=29 len=1460 sndbuf=8009 qlen=3

[ae] tcp_sent session=29 len=2920 sndbuf=10929 qlen=1

[ae] tcp_sent session=29 len=751 sndbuf=11680 qlen=0

[ae] RX FIN session=29 pcb=20029CA8

[ae] CLOSE REQUEST session=29 pcb=20029CA8 sndbuf=11680 qlen=0 slots=1

[ae] tcp_close session=29 err=0

[ae] CLOSE RELEASE session=29 slots=0

[ae] ACCEPT session=30 pcb=20029D80

[ae] RX HELLO session=30 role=0

[ae] MIC ENABLE session=30 pcb=20029D80

[ae] AUTH OK session=30 role=0

[ae] tcp_sent session=30 len=5 sndbuf=6549 qlen=4

[ae] tcp_sent session=30 len=1460 sndbuf=8009 qlen=3

[ae] tcp_sent session=30 len=1460 sndbuf=9469 qlen=2

[ae] tcp_sent session=30 len=1460 sndbuf=10929 qlen=1

[ae] tcp_sent session=30 len=751 sndbuf=11680 qlen=0

[ae] tcp_sent session=30 len=2920 sndbuf=9469 qlen=2

[ae] tcp_sent session=30 len=1460 sndbuf=10929 qlen=1

[ae] tcp_sent session=30 len=751 sndbuf=11680 qlen=0

[ae] tcp_sent session=30 len=1460 sndbuf=8009 qlen=3

[ae] tcp_sent session=30 len=1460 sndbuf=9469 qlen=2

[ae] tcp_sent session=30 len=1460 sndbuf=10929 qlen=1

[ae] tcp_sent session=30 len=751 sndbuf=11680 qlen=0

[ae] RX FIN session=30 pcb=20029D80

[ae] CLOSE REQUEST session=30 pcb=20029D80 sndbuf=11680 qlen=0 slots=1

[ae] tcp_close session=30 err=0

[ae] CLOSE RELEASE session=30 slots=0

[ae] ACCEPT session=31 pcb=20029CA8

[ae] RX HELLO session=31 role=0

[ae] MIC ENABLE session=31 pcb=20029CA8

[ae] AUTH OK session=31 role=0

[ae] tcp_sent session=31 len=5 sndbuf=11680 qlen=0

[ae] tcp_sent session=31 len=2920 sndbuf=9469 qlen=2

[ae] tcp_sent session=31 len=1460 sndbuf=10929 qlen=1

[ae] PUMP WAIT session=31 raw=292579 consumed=114

[ae] tcp_sent session=31 len=751 sndbuf=11680 qlen=0

[ae] tcp_sent session=31 len=1460 sndbuf=8009 qlen=3

[ae] tcp_sent session=31 len=1460 sndbuf=9469 qlen=2

[ae] tcp_sent session=31 len=1460 sndbuf=10929 qlen=1

[ae] tcp_sent session=31 len=751 sndbuf=11680 qlen=0

[ae] tcp_sent session=31 len=2920 sndbuf=9469 qlen=2

[ae] tcp_sent session=31 len=1460 sndbuf=10929 qlen=1

[ae] tcp_sent session=31 len=751 sndbuf=11680 qlen=0

[ae] RX FIN session=31 pcb=20029CA8

[ae] CLOSE REQUEST session=31 pcb=20029CA8 sndbuf=11680 qlen=0 slots=1

[ae] tcp_close session=31 err=0

[ae] CLOSE RELEASE session=31 slots=0

[ae] ACCEPT session=32 pcb=20029D80

[ae] RX HELLO session=32 role=0

[ae] MIC ENABLE session=32 pcb=20029D80

[ae] AUTH OK session=32 role=0

[ae] tcp_sent session=32 len=5 sndbuf=11680 qlen=0

[ae] tcp_sent session=32 len=1460 sndbuf=8009 qlen=3

[ae] tcp_sent session=32 len=2920 sndbuf=10929 qlen=1

[ae] tcp_sent session=32 len=751 sndbuf=11680 qlen=0

[ae] tcp_sent session=32 len=2920 sndbuf=9469 qlen=2

[ae] tcp_sent session=32 len=1460 sndbuf=10929 qlen=1

[ae] tcp_sent session=32 len=751 sndbuf=11680 qlen=0

[ae] tcp_sent session=32 len=1460 sndbuf=8009 qlen=3

[ae] tcp_sent session=32 len=1460 sndbuf=9469 qlen=2

[ae] tcp_sent session=32 len=1460 sndbuf=10929 qlen=1

[ae] tcp_sent session=32 len=751 sndbuf=11680 qlen=0

[ae] RX FIN session=32 pcb=20029D80

[ae] CLOSE REQUEST session=32 pcb=20029D80 sndbuf=11680 qlen=0 slots=1

[ae] tcp_close session=32 err=0

[ae] CLOSE RELEASE session=32 slots=0

[ae] ACCEPT session=33 pcb=20029CA8

[ae] RX HELLO session=33 role=0

[ae] MIC ENABLE session=33 pcb=20029CA8

[ae] AUTH OK session=33 role=0

[ae] tcp_sent session=33 len=5 sndbuf=11680 qlen=0

[ae] tcp_sent session=33 len=4380 sndbuf=10929 qlen=1

[ae] tcp_sent session=33 len=751 sndbuf=6549 qlen=4

[ae] tcp_sent session=33 len=1460 sndbuf=8009 qlen=3

[ae] tcp_sent session=33 len=1460 sndbuf=9469 qlen=2

[ae] tcp_sent session=33 len=1460 sndbuf=10929 qlen=1

[ae] tcp_sent session=33 len=751 sndbuf=11680 qlen=0

[ae] tcp_sent session=33 len=1460 sndbuf=8009 qlen=3

[ae] tcp_sent session=33 len=1460 sndbuf=9469 qlen=2

[ae] tcp_sent session=33 len=1460 sndbuf=10929 qlen=1

[ae] tcp_sent session=33 len=751 sndbuf=11680 qlen=0

[ae] RX FIN session=33 pcb=20029CA8

[ae] CLOSE REQUEST session=33 pcb=20029CA8 sndbuf=11680 qlen=0 slots=1

[ae] tcp_close session=33 err=0

[ae] CLOSE RELEASE session=33 slots=0

[ae] ACCEPT session=34 pcb=20029D80

[ae] RX HELLO session=34 role=0

[ae] MIC ENABLE session=34 pcb=20029D80

[ae] AUTH OK session=34 role=0

[ae] tcp_sent session=34 len=5 sndbuf=11680 qlen=0

[ae] tcp_sent session=34 len=2920 sndbuf=9469 qlen=2

[ae] tcp_sent session=34 len=1460 sndbuf=10929 qlen=1

[ae] tcp_sent session=34 len=751 sndbuf=11680 qlen=0

[ae] tcp_sent session=34 len=2920 sndbuf=9469 qlen=2

[ae] tcp_sent session=34 len=1460 sndbuf=10929 qlen=1

[ae] tcp_sent session=34 len=751 sndbuf=11680 qlen=0

[ae] tcp_sent session=34 len=1460 sndbuf=8009 qlen=3

[ae] tcp_sent session=34 len=1460 sndbuf=9469 qlen=2

[ae] tcp_sent session=34 len=1460 sndbuf=10929 qlen=1

[ae] tcp_sent session=34 len=751 sndbuf=11680 qlen=0

[ae] RX FIN session=34 pcb=20029D80

[ae] CLOSE REQUEST session=34 pcb=20029D80 sndbuf=11680 qlen=0 slots=1

[ae] tcp_close session=34 err=0

[ae] CLOSE RELEASE session=34 slots=0

[ae] ACCEPT session=35 pcb=20029CA8

[ae] RX HELLO session=35 role=0

[ae] MIC ENABLE session=35 pcb=20029CA8

[ae] AUTH OK session=35 role=0

[ae] tcp_sent session=35 len=5 sndbuf=6549 qlen=4

[ae] tcp_sent session=35 len=1460 sndbuf=8009 qlen=3

[ae] tcp_sent session=35 len=1460 sndbuf=9469 qlen=2

[ae] tcp_sent session=35 len=1460 sndbuf=10929 qlen=1

[ae] tcp_sent session=35 len=751 sndbuf=11680 qlen=0

[ae] tcp_sent session=35 len=1460 sndbuf=8009 qlen=3

[ae] tcp_sent session=35 len=1460 sndbuf=9469 qlen=2

[ae] tcp_sent session=35 len=1460 sndbuf=10929 qlen=1

[ae] tcp_sent session=35 len=751 sndbuf=11680 qlen=0

[ae] tcp_sent session=35 len=1460 sndbuf=8009 qlen=3

[ae] tcp_sent session=35 len=1460 sndbuf=9469 qlen=2

[ae] tcp_sent session=35 len=1460 sndbuf=10929 qlen=1

[ae] tcp_sent session=35 len=751 sndbuf=11680 qlen=0

[ae] RX FIN session=35 pcb=20029CA8

[ae] CLOSE REQUEST session=35 pcb=20029CA8 sndbuf=11680 qlen=0 slots=1

[ae] tcp_close session=35 err=0

[ae] CLOSE RELEASE session=35 slots=0

[ae] ACCEPT session=36 pcb=20029D80

[ae] RX HELLO session=36 role=0

[ae] MIC ENABLE session=36 pcb=20029D80

[ae] AUTH OK session=36 role=0

[ae] tcp_sent session=36 len=5 sndbuf=11680 qlen=0

[ae] tcp_sent session=36 len=1460 sndbuf=8009 qlen=3

[ae] tcp_sent session=36 len=1460 sndbuf=9469 qlen=2

[ae] tcp_sent session=36 len=1460 sndbuf=10929 qlen=1

[ae] tcp_sent session=36 len=751 sndbuf=11680 qlen=0

[ae] tcp_sent session=36 len=1460 sndbuf=8009 qlen=3

[ae] tcp_sent session=36 len=1460 sndbuf=9469 qlen=2

[ae] tcp_sent session=36 len=1460 sndbuf=10929 qlen=1

[ae] tcp_sent session=36 len=751 sndbuf=11680 qlen=0

[ae] tcp_sent session=36 len=1460 sndbuf=8009 qlen=3

[ae] tcp_sent session=36 len=1460 sndbuf=9469 qlen=2

[ae] tcp_sent session=36 len=1460 sndbuf=10929 qlen=1

[ae] tcp_sent session=36 len=751 sndbuf=11680 qlen=0

[ae] RX FIN session=36 pcb=20029D80

[ae] CLOSE REQUEST session=36 pcb=20029D80 sndbuf=11680 qlen=0 slots=1

[ae] tcp_close session=36 err=0

[ae] CLOSE RELEASE session=36 slots=0

[ae] ACCEPT session=37 pcb=20029CA8

[ae] RX HELLO session=37 role=0

[ae] MIC ENABLE session=37 pcb=20029CA8

[ae] AUTH OK session=37 role=0

[ae] tcp_sent session=37 len=5 sndbuf=11680 qlen=0

[ae] PUMP WAIT session=37 raw=337917 consumed=131

[ae] tcp_sent session=37 len=1460 sndbuf=8009 qlen=3

[ae] tcp_sent session=37 len=1460 sndbuf=9469 qlen=2

[ae] tcp_sent session=37 len=1460 sndbuf=10929 qlen=1

[ae] tcp_sent session=37 len=751 sndbuf=11680 qlen=0

[ae] tcp_sent session=37 len=2920 sndbuf=9469 qlen=2

[ae] tcp_sent session=37 len=1460 sndbuf=10929 qlen=1

[ae] tcp_sent session=37 len=751 sndbuf=11680 qlen=0

[ae] tcp_sent session=37 len=2920 sndbuf=9469 qlen=2

[ae] tcp_sent session=37 len=1460 sndbuf=10929 qlen=1

[ae] tcp_sent session=37 len=751 sndbuf=11680 qlen=0

[ae] RX FIN session=37 pcb=20029CA8

[ae] CLOSE REQUEST session=37 pcb=20029CA8 sndbuf=11680 qlen=0 slots=1

[ae] tcp_close session=37 err=0

[ae] CLOSE RELEASE session=37 slots=0

[ae] ACCEPT session=38 pcb=20029D80

[ae] RX HELLO session=38 role=0

[ae] MIC ENABLE session=38 pcb=20029D80

[ae] AUTH OK session=38 role=0

[ae] tcp_sent session=38 len=5 sndbuf=11680 qlen=0

[ae] tcp_sent session=38 len=1460 sndbuf=8009 qlen=3

[ae] tcp_sent session=38 len=1460 sndbuf=9469 qlen=2

[ae] tcp_sent session=38 len=1460 sndbuf=10929 qlen=1

[ae] tcp_sent session=38 len=751 sndbuf=11680 qlen=0

[ae] tcp_sent session=38 len=1460 sndbuf=8009 qlen=3

[ae] tcp_sent session=38 len=1460 sndbuf=9469 qlen=2

[ae] tcp_sent session=38 len=1460 sndbuf=10929 qlen=1

[ae] tcp_sent session=38 len=751 sndbuf=11680 qlen=0

[ae] tcp_sent session=38 len=1460 sndbuf=8009 qlen=3

[ae] tcp_sent session=38 len=1460 sndbuf=9469 qlen=2

[ae] tcp_sent session=38 len=1460 sndbuf=10929 qlen=1

[ae] tcp_sent session=38 len=751 sndbuf=11680 qlen=0

[ae] RX FIN session=38 pcb=20029D80

[ae] CLOSE REQUEST session=38 pcb=20029D80 sndbuf=11680 qlen=0 slots=1

[ae] tcp_close session=38 err=0

[ae] CLOSE RELEASE session=38 slots=0

[ae] ACCEPT session=39 pcb=20029CA8

[ae] RX HELLO session=39 role=0

[ae] MIC ENABLE session=39 pcb=20029CA8

[ae] AUTH OK session=39 role=0

[ae] tcp_sent session=39 len=5 sndbuf=11680 qlen=0

[ae] tcp_sent session=39 len=1460 sndbuf=8009 qlen=3

[ae] tcp_sent session=39 len=1460 sndbuf=9469 qlen=2

[ae] tcp_sent session=39 len=1460 sndbuf=10929 qlen=1

[ae] tcp_sent session=39 len=751 sndbuf=11680 qlen=0

[ae] tcp_sent session=39 len=1460 sndbuf=8009 qlen=3

[ae] tcp_sent session=39 len=1460 sndbuf=9469 qlen=2

[ae] tcp_sent session=39 len=1460 sndbuf=10929 qlen=1

[ae] tcp_sent session=39 len=751 sndbuf=11680 qlen=0

[ae] tcp_sent session=39 len=1460 sndbuf=8009 qlen=3

[ae] tcp_sent session=39 len=1460 sndbuf=9469 qlen=2

[ae] tcp_sent session=39 len=1460 sndbuf=10929 qlen=1

[ae] tcp_sent session=39 len=751 sndbuf=11680 qlen=0

[ae] RX FIN session=39 pcb=20029CA8

[ae] CLOSE REQUEST session=39 pcb=20029CA8 sndbuf=11680 qlen=0 slots=1

[ae] tcp_close session=39 err=0

[ae] CLOSE RELEASE session=39 slots=0

[ae] ACCEPT session=40 pcb=20029D80

[ae] RX HELLO session=40 role=0

[ae] MIC ENABLE session=40 pcb=20029D80

[ae] AUTH OK session=40 role=0

[ae] tcp_sent session=40 len=5 sndbuf=11680 qlen=0

[ae] tcp_sent session=40 len=1460 sndbuf=8009 qlen=3

[ae] tcp_sent session=40 len=1460 sndbuf=9469 qlen=2

[ae] tcp_sent session=40 len=1460 sndbuf=10929 qlen=1

[ae] tcp_sent session=40 len=751 sndbuf=11680 qlen=0

[ae] tcp_sent session=40 len=1460 sndbuf=8009 qlen=3

[ae] tcp_sent session=40 len=1460 sndbuf=9469 qlen=2

[ae] tcp_sent session=40 len=1460 sndbuf=10929 qlen=1

[ae] tcp_sent session=40 len=751 sndbuf=11680 qlen=0

[ae] tcp_sent session=40 len=1460 sndbuf=8009 qlen=3

[ae] tcp_sent session=40 len=1460 sndbuf=9469 qlen=2

[ae] tcp_sent session=40 len=1460 sndbuf=10929 qlen=1

[ae] tcp_sent session=40 len=751 sndbuf=11680 qlen=0

[ae] RX FIN session=40 pcb=20029D80

[ae] CLOSE REQUEST session=40 pcb=20029D80 sndbuf=11680 qlen=0 slots=1

[ae] tcp_close session=40 err=0

[ae] CLOSE RELEASE session=40 slots=0

[ae] ACCEPT session=41 pcb=20029CA8

[ae] RX HELLO session=41 role=0

[ae] MIC ENABLE session=41 pcb=20029CA8

[ae] AUTH OK session=41 role=0

[ae] tcp_sent session=41 len=5 sndbuf=11680 qlen=0

[ae] tcp_sent session=41 len=1460 sndbuf=8009 qlen=3

[ae] tcp_sent session=41 len=1460 sndbuf=9469 qlen=2

[ae] tcp_sent session=41 len=1460 sndbuf=10929 qlen=1

[ae] tcp_sent session=41 len=751 sndbuf=11680 qlen=0

[ae] tcp_sent session=41 len=1460 sndbuf=8009 qlen=3

[ae] tcp_sent session=41 len=1460 sndbuf=9469 qlen=2

[ae] tcp_sent session=41 len=1460 sndbuf=10929 qlen=1

[ae] tcp_sent session=41 len=751 sndbuf=11680 qlen=0

[ae] tcp_sent session=41 len=1460 sndbuf=8009 qlen=3

[ae] tcp_sent session=41 len=2920 sndbuf=10929 qlen=1

[ae] tcp_sent session=41 len=751 sndbuf=11680 qlen=0

[ae] RX FIN session=41 pcb=20029CA8

[ae] CLOSE REQUEST session=41 pcb=20029CA8 sndbuf=11680 qlen=0 slots=1

[ae] tcp_close session=41 err=0

[ae] CLOSE RELEASE session=41 slots=0

[ae] ACCEPT session=42 pcb=20029D80

[ae] RX HELLO session=42 role=0

[ae] MIC ENABLE session=42 pcb=20029D80

[ae] AUTH OK session=42 role=0

[ae] tcp_sent session=42 len=5 sndbuf=11680 qlen=0

[ae] tcp_sent session=42 len=1460 sndbuf=8009 qlen=3

[ae] tcp_sent session=42 len=1460 sndbuf=9469 qlen=2

[ae] tcp_sent session=42 len=1460 sndbuf=10929 qlen=1

[ae] tcp_sent session=42 len=751 sndbuf=11680 qlen=0

[ae] tcp_sent session=42 len=2920 sndbuf=9469 qlen=2

[ae] tcp_sent session=42 len=1460 sndbuf=10929 qlen=1

[ae] tcp_sent session=42 len=751 sndbuf=11680 qlen=0

[ae] tcp_sent session=42 len=1460 sndbuf=8009 qlen=3

[ae] tcp_sent session=42 len=1460 sndbuf=9469 qlen=2

[ae] tcp_sent session=42 len=1460 sndbuf=10929 qlen=1

[ae] tcp_sent session=42 len=751 sndbuf=11680 qlen=0

[ae] RX FIN session=42 pcb=20029D80

[ae] CLOSE REQUEST session=42 pcb=20029D80 sndbuf=11680 qlen=0 slots=1

[ae] tcp_close session=42 err=0

[ae] CLOSE RELEASE session=42 slots=0

[ae] ACCEPT session=43 pcb=20029CA8

[ae] RX HELLO session=43 role=0

[ae] MIC ENABLE session=43 pcb=20029CA8

[ae] AUTH OK session=43 role=0

[ae] tcp_sent session=43 len=5 sndbuf=11680 qlen=0

[ae] tcp_sent session=43 len=1460 sndbuf=8009 qlen=3

[ae] tcp_sent session=43 len=1460 sndbuf=9469 qlen=2

[ae] tcp_sent session=43 len=1460 sndbuf=10929 qlen=1

[ae] PUMP WAIT session=43 raw=385000 consumed=150

[ae] tcp_sent session=43 len=751 sndbuf=11680 qlen=0

[ae] tcp_sent session=43 len=1460 sndbuf=8009 qlen=3

[ae] tcp_sent session=43 len=2920 sndbuf=10929 qlen=1

[ae] tcp_sent session=43 len=751 sndbuf=11680 qlen=0

[ae] tcp_sent session=43 len=1460 sndbuf=8009 qlen=3

[ae] tcp_sent session=43 len=1460 sndbuf=9469 qlen=2

[ae] tcp_sent session=43 len=1460 sndbuf=10929 qlen=1

[ae] tcp_sent session=43 len=751 sndbuf=11680 qlen=0

[ae] RX FIN session=43 pcb=20029CA8

[ae] CLOSE REQUEST session=43 pcb=20029CA8 sndbuf=11680 qlen=0 slots=1

[ae] tcp_close session=43 err=0

[ae] CLOSE RELEASE session=43 slots=0

[ae] ACCEPT session=44 pcb=20029D80

[ae] RX HELLO session=44 role=0

[ae] MIC ENABLE session=44 pcb=20029D80

[ae] AUTH OK session=44 role=0

[ae] tcp_sent session=44 len=5 sndbuf=11680 qlen=0

[ae] tcp_sent session=44 len=1460 sndbuf=8009 qlen=3

[ae] tcp_sent session=44 len=1460 sndbuf=9469 qlen=2

[ae] tcp_sent session=44 len=1460 sndbuf=10929 qlen=1

[ae] tcp_sent session=44 len=751 sndbuf=11680 qlen=0

[ae] tcp_sent session=44 len=1460 sndbuf=8009 qlen=3

[ae] tcp_sent session=44 len=1460 sndbuf=9469 qlen=2

[ae] tcp_sent session=44 len=1460 sndbuf=10929 qlen=1

[ae] tcp_sent session=44 len=751 sndbuf=11680 qlen=0

[ae] tcp_sent session=44 len=1460 sndbuf=8009 qlen=3

[ae] tcp_sent session=44 len=2920 sndbuf=10929 qlen=1

[ae] tcp_sent session=44 len=751 sndbuf=11680 qlen=0

[ae] RX FIN session=44 pcb=20029D80

[ae] CLOSE REQUEST session=44 pcb=20029D80 sndbuf=11680 qlen=0 slots=1

[ae] tcp_close session=44 err=0

[ae] CLOSE RELEASE session=44 slots=0

[ae] ACCEPT session=45 pcb=20029CA8

[ae] RX HELLO session=45 role=0

[ae] MIC ENABLE session=45 pcb=20029CA8

[ae] AUTH OK session=45 role=0

[ae] tcp_sent session=45 len=5 sndbuf=6549 qlen=4

[ae] tcp_sent session=45 len=2920 sndbuf=9469 qlen=2

[ae] tcp_sent session=45 len=1460 sndbuf=10929 qlen=1

[ae] tcp_sent session=45 len=751 sndbuf=11680 qlen=0

[ae] tcp_sent session=45 len=1460 sndbuf=8009 qlen=3

[ae] tcp_sent session=45 len=1460 sndbuf=9469 qlen=2

[ae] tcp_sent session=45 len=1460 sndbuf=10929 qlen=1

[ae] tcp_sent session=45 len=751 sndbuf=11680 qlen=0

[ae] tcp_sent session=45 len=1460 sndbuf=8009 qlen=3

[ae] tcp_sent session=45 len=1460 sndbuf=9469 qlen=2

[ae] tcp_sent session=45 len=1460 sndbuf=10929 qlen=1

[ae] tcp_sent session=45 len=751 sndbuf=11680 qlen=0

[ae] RX FIN session=45 pcb=20029CA8

[ae] CLOSE REQUEST session=45 pcb=20029CA8 sndbuf=11680 qlen=0 slots=1

[ae] tcp_close session=45 err=0

[ae] CLOSE RELEASE session=45 slots=0

[ae] ACCEPT session=46 pcb=20029D80

[ae] RX HELLO session=46 role=0

[ae] MIC ENABLE session=46 pcb=20029D80

[ae] AUTH OK session=46 role=0

[ae] tcp_sent session=46 len=5 sndbuf=11680 qlen=0

[ae] tcp_sent session=46 len=1460 sndbuf=8009 qlen=3

[ae] tcp_sent session=46 len=1460 sndbuf=9469 qlen=2

[ae] tcp_sent session=46 len=1460 sndbuf=10929 qlen=1

[ae] tcp_sent session=46 len=751 sndbuf=11680 qlen=0

[ae] tcp_sent session=46 len=4380 sndbuf=10929 qlen=1

[ae] tcp_sent session=46 len=751 sndbuf=11680 qlen=0

[ae] tcp_sent session=46 len=1460 sndbuf=8009 qlen=3

[ae] tcp_sent session=46 len=2920 sndbuf=10929 qlen=1

[ae] tcp_sent session=46 len=751 sndbuf=11680 qlen=0

[ae] RX FIN session=46 pcb=20029D80

[ae] CLOSE REQUEST session=46 pcb=20029D80 sndbuf=11680 qlen=0 slots=1

[ae] tcp_close session=46 err=0

[ae] CLOSE RELEASE session=46 slots=0

[ae] ACCEPT session=47 pcb=20029CA8

[ae] RX HELLO session=47 role=0

[ae] MIC ENABLE session=47 pcb=20029CA8

[ae] AUTH OK session=47 role=0

[ae] tcp_sent session=47 len=5 sndbuf=6549 qlen=4

[ae] tcp_sent session=47 len=1460 sndbuf=8009 qlen=3

[ae] tcp_sent session=47 len=1460 sndbuf=9469 qlen=2

[ae] tcp_sent session=47 len=1460 sndbuf=10929 qlen=1

[ae] tcp_sent session=47 len=751 sndbuf=11680 qlen=0

[ae] tcp_sent session=47 len=1460 sndbuf=8009 qlen=3

[ae] tcp_sent session=47 len=1460 sndbuf=9469 qlen=2

[ae] tcp_sent session=47 len=1460 sndbuf=10929 qlen=1

[ae] tcp_sent session=47 len=751 sndbuf=11680 qlen=0

[ae] tcp_sent session=47 len=1460 sndbuf=8009 qlen=3

[ae] tcp_sent session=47 len=1460 sndbuf=9469 qlen=2

[ae] tcp_sent session=47 len=1460 sndbuf=10929 qlen=1

[ae] tcp_sent session=47 len=751 sndbuf=11680 qlen=0

[ae] RX FIN session=47 pcb=20029CA8

[ae] CLOSE REQUEST session=47 pcb=20029CA8 sndbuf=11680 qlen=0 slots=1

[ae] tcp_close session=47 err=0

[ae] CLOSE RELEASE session=47 slots=0

[ae] ACCEPT session=48 pcb=20029D80

[ae] RX HELLO session=48 role=0

[ae] MIC ENABLE session=48 pcb=20029D80

[ae] AUTH OK session=48 role=0

[ae] tcp_sent session=48 len=5 sndbuf=11680 qlen=0

[ae] tcp_sent session=48 len=2920 sndbuf=9469 qlen=2

[ae] tcp_sent session=48 len=1460 sndbuf=10929 qlen=1

[ae] tcp_sent session=48 len=751 sndbuf=11680 qlen=0

[ae] tcp_sent session=48 len=1460 sndbuf=8009 qlen=3

[ae] tcp_sent session=48 len=1460 sndbuf=9469 qlen=2

[ae] tcp_sent session=48 len=1460 sndbuf=10929 qlen=1

[ae] tcp_sent session=48 len=751 sndbuf=11680 qlen=0

[ae] tcp_sent session=48 len=1460 sndbuf=8009 qlen=3

[ae] tcp_sent session=48 len=1460 sndbuf=9469 qlen=2

[ae] tcp_sent session=48 len=1460 sndbuf=10929 qlen=1

[ae] tcp_sent session=48 len=751 sndbuf=11680 qlen=0

[ae] RX FIN session=48 pcb=20029D80

[ae] CLOSE REQUEST session=48 pcb=20029D80 sndbuf=11680 qlen=0 slots=1

[ae] tcp_close session=48 err=0

[ae] CLOSE RELEASE session=48 slots=0

[ae] ACCEPT session=49 pcb=20029CA8

[ae] RX HELLO session=49 role=0

[ae] MIC ENABLE session=49 pcb=20029CA8

[ae] AUTH OK session=49 role=0

[ae] tcp_sent session=49 len=5 sndbuf=11680 qlen=0

[ae] tcp_sent session=49 len=1460 sndbuf=8009 qlen=3

[ae] tcp_sent session=49 len=1460 sndbuf=9469 qlen=2

[ae] tcp_sent session=49 len=1460 sndbuf=10929 qlen=1

[ae] tcp_sent session=49 len=751 sndbuf=11680 qlen=0

[ae] PUMP WAIT session=49 raw=431893 consumed=168

[ae] tcp_sent session=49 len=1460 sndbuf=8009 qlen=3

[ae] tcp_sent session=49 len=2920 sndbuf=10929 qlen=1

[ae] tcp_sent session=49 len=751 sndbuf=11680 qlen=0

[ae] tcp_sent session=49 len=1460 sndbuf=8009 qlen=3

[ae] tcp_sent session=49 len=1460 sndbuf=9469 qlen=2

[ae] tcp_sent session=49 len=1460 sndbuf=10929 qlen=1

[ae] tcp_sent session=49 len=751 sndbuf=11680 qlen=0

[ae] RX FIN session=49 pcb=20029CA8

[ae] CLOSE REQUEST session=49 pcb=20029CA8 sndbuf=11680 qlen=0 slots=1

[ae] tcp_close session=49 err=0

[ae] CLOSE RELEASE session=49 slots=0

[ae] ACCEPT session=50 pcb=20029D80

[ae] RX HELLO session=50 role=0

[ae] MIC ENABLE session=50 pcb=20029D80

[ae] AUTH OK session=50 role=0

[ae] tcp_sent session=50 len=5 sndbuf=6549 qlen=4

[ae] tcp_sent session=50 len=1460 sndbuf=8009 qlen=3

[ae] tcp_sent session=50 len=1460 sndbuf=4338 qlen=7

[ae] tcp_sent session=50 len=1460 sndbuf=5798 qlen=6

[ae] tcp_sent session=50 len=1460 sndbuf=7258 qlen=4

[ae] tcp_sent session=50 len=1460 sndbuf=8718 qlen=3

[ae] tcp_sent session=50 len=1460 sndbuf=10178 qlen=2

[ae] tcp_sent session=50 len=1460 sndbuf=11638 qlen=1

[ae] tcp_sent session=50 len=42 sndbuf=11680 qlen=0

[ae] tcp_sent session=50 len=1460 sndbuf=8009 qlen=3

[ae] tcp_sent session=50 len=1460 sndbuf=9469 qlen=2

[ae] tcp_sent session=50 len=1460 sndbuf=10929 qlen=1

[ae] tcp_sent session=50 len=751 sndbuf=11680 qlen=0

[ae] RX FIN session=50 pcb=20029D80

[ae] CLOSE REQUEST session=50 pcb=20029D80 sndbuf=11680 qlen=0 slots=1

[ae] tcp_close session=50 err=0

[ae] CLOSE RELEASE session=50 slots=0

[ae] ACCEPT session=51 pcb=20029CA8

[ae] RX HELLO session=51 role=0

[ae] MIC ENABLE session=51 pcb=20029CA8

[ae] AUTH OK session=51 role=0

[ae] tcp_sent session=51 len=5 sndbuf=11680 qlen=0

[ae] tcp_sent session=51 len=1460 sndbuf=8009 qlen=3

[ae] tcp_sent session=51 len=1460 sndbuf=9469 qlen=2

[ae] tcp_sent session=51 len=1460 sndbuf=10929 qlen=1

[ae] tcp_sent session=51 len=751 sndbuf=11680 qlen=0

[ae] tcp_sent session=51 len=7300 sndbuf=8718 qlen=3

[ae] tcp_sent session=51 len=1460 sndbuf=10178 qlen=2

[ae] tcp_sent session=51 len=1460 sndbuf=11638 qlen=1

[ae] tcp_sent session=51 len=42 sndbuf=11680 qlen=0

[ae] RX FIN session=51 pcb=20029CA8

[ae] CLOSE REQUEST session=51 pcb=20029CA8 sndbuf=11680 qlen=0 slots=1

[ae] tcp_close session=51 err=0

[ae] CLOSE RELEASE session=51 slots=0

[ae] ACCEPT session=52 pcb=20029D80

[ae] RX HELLO session=52 role=0

[ae] MIC ENABLE session=52 pcb=20029D80

[ae] AUTH OK session=52 role=0

[ae] tcp_sent session=52 len=5 sndbuf=11680 qlen=0

[ae] tcp_sent session=52 len=2920 sndbuf=9469 qlen=2

[ae] tcp_sent session=52 len=1460 sndbuf=10929 qlen=1

[ae] tcp_sent session=52 len=751 sndbuf=11680 qlen=0

[ae] tcp_sent session=52 len=1460 sndbuf=8009 qlen=3

[ae] tcp_sent session=52 len=1460 sndbuf=9469 qlen=2

[ae] tcp_sent session=52 len=1460 sndbuf=10929 qlen=1

[ae] tcp_sent session=52 len=751 sndbuf=11680 qlen=0

[ae] tcp_sent session=52 len=1460 sndbuf=8009 qlen=3

[ae] tcp_sent session=52 len=1460 sndbuf=9469 qlen=2

[ae] tcp_sent session=52 len=1460 sndbuf=10929 qlen=1

[ae] tcp_sent session=52 len=751 sndbuf=11680 qlen=0

[ae] RX FIN session=52 pcb=20029D80

[ae] CLOSE REQUEST session=52 pcb=20029D80 sndbuf=11680 qlen=0 slots=1

[ae] tcp_close session=52 err=0

[ae] CLOSE RELEASE session=52 slots=0

[ae] ACCEPT session=53 pcb=20029CA8

[ae] RX HELLO session=53 role=0

[ae] MIC ENABLE session=53 pcb=20029CA8

[ae] AUTH OK session=53 role=0

[ae] tcp_sent session=53 len=5 sndbuf=11680 qlen=0

[ae] tcp_sent session=53 len=1460 sndbuf=8009 qlen=3

[ae] tcp_sent session=53 len=2920 sndbuf=10929 qlen=1

[ae] tcp_sent session=53 len=751 sndbuf=11680 qlen=0

[ae] tcp_sent session=53 len=1460 sndbuf=8009 qlen=3

[ae] tcp_sent session=53 len=1460 sndbuf=9469 qlen=2

[ae] tcp_sent session=53 len=1460 sndbuf=10929 qlen=1

[ae] tcp_sent session=53 len=751 sndbuf=11680 qlen=0

[ae] tcp_sent session=53 len=1460 sndbuf=8009 qlen=3

[ae] tcp_sent session=53 len=1460 sndbuf=9469 qlen=2

[ae] tcp_sent session=53 len=1460 sndbuf=10929 qlen=1

[ae] tcp_sent session=53 len=751 sndbuf=11680 qlen=0

[ae] RX FIN session=53 pcb=20029CA8

[ae] CLOSE REQUEST session=53 pcb=20029CA8 sndbuf=11680 qlen=0 slots=1

[ae] tcp_close session=53 err=0

[ae] CLOSE RELEASE session=53 slots=0

[ae] ACCEPT session=54 pcb=20029D80

[ae] RX HELLO session=54 role=0

[ae] MIC ENABLE session=54 pcb=20029D80

[ae] AUTH OK session=54 role=0

[ae] tcp_sent session=54 len=5 sndbuf=11680 qlen=0

[ae] tcp_sent session=54 len=1460 sndbuf=8009 qlen=3

[ae] tcp_sent session=54 len=1460 sndbuf=9469 qlen=2

[ae] tcp_sent session=54 len=1460 sndbuf=10929 qlen=1

[ae] tcp_sent session=54 len=751 sndbuf=11680 qlen=0

[ae] tcp_sent session=54 len=1460 sndbuf=8009 qlen=3

[ae] tcp_sent session=54 len=1460 sndbuf=9469 qlen=2

[ae] tcp_sent session=54 len=1460 sndbuf=10929 qlen=1

[ae] tcp_sent session=54 len=751 sndbuf=11680 qlen=0

[ae] tcp_sent session=54 len=4380 sndbuf=10929 qlen=1

[ae] tcp_sent session=54 len=751 sndbuf=11680 qlen=0

[ae] RX FIN session=54 pcb=20029D80

[ae] CLOSE REQUEST session=54 pcb=20029D80 sndbuf=11680 qlen=0 slots=1

[ae] tcp_close session=54 err=0

[ae] CLOSE RELEASE session=54 slots=0

[ae] ACCEPT session=55 pcb=20029CA8

[ae] RX HELLO session=55 role=0

[ae] MIC ENABLE session=55 pcb=20029CA8

[ae] AUTH OK session=55 role=0

[ae] tcp_sent session=55 len=5 sndbuf=6549 qlen=4

[ae] tcp_sent session=55 len=1460 sndbuf=8009 qlen=3

[ae] tcp_sent session=55 len=1460 sndbuf=9469 qlen=2

[ae] tcp_sent session=55 len=1460 sndbuf=10929 qlen=1

[ae] tcp_sent session=55 len=751 sndbuf=11680 qlen=0

[ae] PUMP WAIT session=55 raw=481194 consumed=187

[ae] tcp_sent session=55 len=1460 sndbuf=8009 qlen=3

[ae] tcp_sent session=55 len=1460 sndbuf=9469 qlen=2

[ae] tcp_sent session=55 len=1460 sndbuf=10929 qlen=1

[ae] tcp_sent session=55 len=751 sndbuf=11680 qlen=0

[ae] tcp_sent session=55 len=1460 sndbuf=8009 qlen=3

[ae] tcp_sent session=55 len=1460 sndbuf=9469 qlen=2

[ae] tcp_sent session=55 len=1460 sndbuf=10929 qlen=1

[ae] tcp_sent session=55 len=751 sndbuf=11680 qlen=0

[ae] RX FIN session=55 pcb=20029CA8

[ae] CLOSE REQUEST session=55 pcb=20029CA8 sndbuf=11680 qlen=0 slots=1

[ae] tcp_close session=55 err=0

[ae] CLOSE RELEASE session=55 slots=0

[ae] ACCEPT session=56 pcb=20029D80

[ae] RX HELLO session=56 role=0

[ae] MIC ENABLE session=56 pcb=20029D80

[ae] AUTH OK session=56 role=0

[ae] tcp_sent session=56 len=5 sndbuf=11680 qlen=0

[ae] tcp_sent session=56 len=1460 sndbuf=8009 qlen=3

[ae] tcp_sent session=56 len=2920 sndbuf=10929 qlen=1

[ae] tcp_sent session=56 len=751 sndbuf=11680 qlen=0

[ae] tcp_sent session=56 len=4380 sndbuf=10929 qlen=1

[ae] tcp_sent session=56 len=751 sndbuf=11680 qlen=0

[ae] tcp_sent session=56 len=1460 sndbuf=8009 qlen=3

[ae] tcp_sent session=56 len=1460 sndbuf=9469 qlen=2

[ae] tcp_sent session=56 len=1460 sndbuf=10929 qlen=1

[ae] tcp_sent session=56 len=751 sndbuf=11680 qlen=0

[ae] RX FIN session=56 pcb=20029D80

[ae] CLOSE REQUEST session=56 pcb=20029D80 sndbuf=11680 qlen=0 slots=1

[ae] tcp_close session=56 err=0

[ae] CLOSE RELEASE session=56 slots=0

[ae] ACCEPT session=57 pcb=20029CA8

[ae] RX HELLO session=57 role=0

[ae] MIC ENABLE session=57 pcb=20029CA8

[ae] AUTH OK session=57 role=0

[ae] tcp_sent session=57 len=5 sndbuf=11680 qlen=0

[ae] tcp_sent session=57 len=1460 sndbuf=8009 qlen=3

[ae] tcp_sent session=57 len=2920 sndbuf=10929 qlen=1

[ae] tcp_sent session=57 len=751 sndbuf=11680 qlen=0

[ae] tcp_sent session=57 len=1460 sndbuf=8009 qlen=3

[ae] tcp_sent session=57 len=1460 sndbuf=9469 qlen=2

[ae] tcp_sent session=57 len=1460 sndbuf=10929 qlen=1

[ae] tcp_sent session=57 len=751 sndbuf=11680 qlen=0

[ae] tcp_sent session=57 len=1460 sndbuf=8009 qlen=3

[ae] tcp_sent session=57 len=1460 sndbuf=9469 qlen=2

[ae] tcp_sent session=57 len=1460 sndbuf=10929 qlen=1

[ae] tcp_sent session=57 len=751 sndbuf=11680 qlen=0

[ae] RX FIN session=57 pcb=20029CA8

[ae] CLOSE REQUEST session=57 pcb=20029CA8 sndbuf=11680 qlen=0 slots=1

[ae] tcp_close session=57 err=0

[ae] CLOSE RELEASE session=57 slots=0

[ae] ACCEPT session=58 pcb=20029D80

[ae] RX HELLO session=58 role=0

[ae] MIC ENABLE session=58 pcb=20029D80

[ae] AUTH OK session=58 role=0

[ae] tcp_sent session=58 len=2925 sndbuf=4338 qlen=7

[ae] tcp_sent session=58 len=1460 sndbuf=5798 qlen=6

[ae] tcp_sent session=58 len=1460 sndbuf=7258 qlen=4

[ae] tcp_sent session=58 len=2920 sndbuf=10178 qlen=2

[ae] tcp_sent session=58 len=1460 sndbuf=11638 qlen=1

[ae] tcp_sent session=58 len=42 sndbuf=11680 qlen=0

[ae] tcp_sent session=58 len=1460 sndbuf=8009 qlen=3

[ae] tcp_sent session=58 len=1460 sndbuf=9469 qlen=2

[ae] tcp_sent session=58 len=1460 sndbuf=10929 qlen=1

[ae] tcp_sent session=58 len=751 sndbuf=11680 qlen=0

[ae] RX FIN session=58 pcb=20029D80

[ae] CLOSE REQUEST session=58 pcb=20029D80 sndbuf=11680 qlen=0 slots=1

[ae] tcp_close session=58 err=0

[ae] CLOSE RELEASE session=58 slots=0

[ae] ACCEPT session=59 pcb=20029CA8

[ae] RX HELLO session=59 role=0

[ae] MIC ENABLE session=59 pcb=20029CA8

[ae] AUTH OK session=59 role=0

[ae] tcp_sent session=59 len=5 sndbuf=11680 qlen=0

[ae] tcp_sent session=59 len=2920 sndbuf=9469 qlen=2

[ae] tcp_sent session=59 len=1460 sndbuf=10929 qlen=1

[ae] tcp_sent session=59 len=751 sndbuf=11680 qlen=0

[ae] tcp_sent session=59 len=2920 sndbuf=9469 qlen=2

[ae] tcp_sent session=59 len=1460 sndbuf=10929 qlen=1

[ae] tcp_sent session=59 len=751 sndbuf=11680 qlen=0

[ae] sending mic frame 200

[ae] tcp_sent session=59 len=5840 sndbuf=7258 qlen=4

[ae] RX FIN session=59 pcb=20029CA8

[ae] CLOSE REQUEST session=59 pcb=20029CA8 sndbuf=7258 qlen=4 slots=1

[ae] tcp_close session=59 err=0

[ae] CLOSE RELEASE session=59 slots=0

[ae] ACCEPT session=60 pcb=20029D80

[ae] RX HELLO session=60 role=0

[ae] MIC ENABLE session=60 pcb=20029D80

[ae] AUTH OK session=60 role=0

[ae] tcp_sent session=60 len=5 sndbuf=11680 qlen=0

[ae] tcp_sent session=60 len=1460 sndbuf=8009 qlen=3

[ae] tcp_sent session=60 len=1460 sndbuf=9469 qlen=2

[ae] tcp_sent session=60 len=1460 sndbuf=10929 qlen=1

[ae] tcp_sent session=60 len=751 sndbuf=11680 qlen=0

[ae] tcp_sent session=60 len=4380 sndbuf=10929 qlen=1

[ae] PUMP WAIT session=60 raw=528660 consumed=206

[ae] tcp_sent session=60 len=751 sndbuf=11680 qlen=0

[ae] tcp_sent session=60 len=1460 sndbuf=8009 qlen=3

[ae] tcp_sent session=60 len=1460 sndbuf=9469 qlen=2

[ae] tcp_sent session=60 len=1460 sndbuf=10929 qlen=1

[ae] tcp_sent session=60 len=751 sndbuf=11680 qlen=0

[ae] RX FIN session=60 pcb=20029D80

[ae] CLOSE REQUEST session=60 pcb=20029D80 sndbuf=11680 qlen=0 slots=1

[ae] tcp_close session=60 err=0

[ae] CLOSE RELEASE session=60 slots=0

[ae] ACCEPT session=61 pcb=20029CA8

[ae] RX HELLO session=61 role=0

[ae] MIC ENABLE session=61 pcb=20029CA8

[ae] AUTH OK session=61 role=0

[ae] tcp_sent session=61 len=5 sndbuf=11680 qlen=0

[ae] tcp_sent session=61 len=1460 sndbuf=8009 qlen=3

[ae] tcp_sent session=61 len=2920 sndbuf=10929 qlen=1

[ae] tcp_sent session=61 len=751 sndbuf=11680 qlen=0

[ae] tcp_sent session=61 len=1460 sndbuf=8009 qlen=3

[ae] tcp_sent session=61 len=1460 sndbuf=9469 qlen=2

[ae] tcp_sent session=61 len=1460 sndbuf=10929 qlen=1

[ae] tcp_sent session=61 len=751 sndbuf=11680 qlen=0

[ae] PUMP SEND session=61 len=5131 err=0 sndbuf=6549 qlen=4

[ae] tcp_sent session=61 len=1460 sndbuf=8009 qlen=3

[ae] tcp_sent session=61 len=1460 sndbuf=9469 qlen=2

[ae] tcp_sent session=61 len=1460 sndbuf=10929 qlen=1

[ae] tcp_sent session=61 len=751 sndbuf=11680 qlen=0

[ae] RX FIN session=61 pcb=20029CA8

[ae] CLOSE REQUEST session=61 pcb=20029CA8 sndbuf=11680 qlen=0 slots=1

[ae] tcp_close session=61 err=0

[ae] CLOSE RELEASE session=61 slots=0

[ae] ACCEPT session=62 pcb=20029D80

[ae] RX HELLO session=62 role=0

[ae] MIC ENABLE session=62 pcb=20029D80

[ae] AUTH OK session=62 role=0

[ae] tcp_sent session=62 len=5 sndbuf=1418 qlen=9

[ae] tcp_sent session=62 len=1460 sndbuf=2878 qlen=8

[ae] tcp_sent session=62 len=1460 sndbuf=4338 qlen=7

[ae] tcp_sent session=62 len=1460 sndbuf=5798 qlen=6

[ae] tcp_sent session=62 len=1460 sndbuf=7258 qlen=4

[ae] tcp_sent session=62 len=1460 sndbuf=8718 qlen=3

[ae] tcp_sent session=62 len=1460 sndbuf=10178 qlen=2

[ae] tcp_sent session=62 len=1460 sndbuf=11638 qlen=1

[ae] tcp_sent session=62 len=42 sndbuf=11680 qlen=0

[ae] tcp_sent session=62 len=1460 sndbuf=8009 qlen=3

[ae] tcp_sent session=62 len=2920 sndbuf=10929 qlen=1

[ae] tcp_sent session=62 len=751 sndbuf=11680 qlen=0

[ae] RX FIN session=62 pcb=20029D80

[ae] CLOSE REQUEST session=62 pcb=20029D80 sndbuf=11680 qlen=0 slots=1

[ae] tcp_close session=62 err=0

[ae] CLOSE RELEASE session=62 slots=0

[ae] ACCEPT session=63 pcb=20029CA8

[ae] RX HELLO session=63 role=0

[ae] MIC ENABLE session=63 pcb=20029CA8

[ae] AUTH OK session=63 role=0

[ae] tcp_sent session=63 len=5 sndbuf=11680 qlen=0

[ae] tcp_sent session=63 len=1460 sndbuf=8009 qlen=3

[ae] tcp_sent session=63 len=1460 sndbuf=9469 qlen=2

[ae] tcp_sent session=63 len=1460 sndbuf=10929 qlen=1

[ae] tcp_sent session=63 len=751 sndbuf=11680 qlen=0

[ae] tcp_sent session=63 len=1460 sndbuf=8009 qlen=3

[ae] tcp_sent session=63 len=1460 sndbuf=9469 qlen=2

[ae] tcp_sent session=63 len=1460 sndbuf=10929 qlen=1

[ae] tcp_sent session=63 len=751 sndbuf=11680 qlen=0

[ae] tcp_sent session=63 len=1460 sndbuf=8009 qlen=3

[ae] tcp_sent session=63 len=1460 sndbuf=9469 qlen=2

[ae] tcp_sent session=63 len=1460 sndbuf=10929 qlen=1

[ae] tcp_sent session=63 len=751 sndbuf=6549 qlen=4

[ae] RX FIN session=63 pcb=20029CA8

[ae] CLOSE REQUEST session=63 pcb=20029CA8 sndbuf=6549 qlen=4 slots=1

[ae] tcp_close session=63 err=0

[ae] CLOSE RELEASE session=63 slots=0

[ae] ACCEPT session=64 pcb=20029D80

[ae] RX HELLO session=64 role=0

[ae] MIC ENABLE session=64 pcb=20029D80

[ae] AUTH OK session=64 role=0

[ae] tcp_sent session=64 len=5 sndbuf=11680 qlen=0

[ae] tcp_sent session=64 len=1460 sndbuf=8009 qlen=3

[ae] tcp_sent session=64 len=1460 sndbuf=9469 qlen=2

[ae] tcp_sent session=64 len=1460 sndbuf=10929 qlen=1

[ae] tcp_sent session=64 len=751 sndbuf=11680 qlen=0

[ae] tcp_sent session=64 len=1460 sndbuf=8009 qlen=3

[ae] tcp_sent session=64 len=1460 sndbuf=9469 qlen=2

[ae] tcp_sent session=64 len=1460 sndbuf=10929 qlen=1

[ae] tcp_sent session=64 len=751 sndbuf=11680 qlen=0

[ae] tcp_sent session=64 len=1460 sndbuf=8009 qlen=3

[ae] tcp_sent session=64 len=1460 sndbuf=9469 qlen=2

[ae] tcp_sent session=64 len=1460 sndbuf=10929 qlen=1

[ae] tcp_sent session=64 len=751 sndbuf=11680 qlen=0

[ae] RX FIN session=64 pcb=20029D80

[ae] CLOSE REQUEST session=64 pcb=20029D80 sndbuf=11680 qlen=0 slots=1

[ae] tcp_close session=64 err=0

[ae] CLOSE RELEASE session=64 slots=0

[ae] ACCEPT session=65 pcb=20029CA8

[ae] RX HELLO session=65 role=0

[ae] MIC ENABLE session=65 pcb=20029CA8

[ae] AUTH OK session=65 role=0

[ae] tcp_sent session=65 len=5 sndbuf=11680 qlen=0

[ae] tcp_sent session=65 len=4380 sndbuf=5798 qlen=6

[ae] tcp_sent session=65 len=1460 sndbuf=2127 qlen=8

[ae] tcp_sent session=65 len=4380 sndbuf=6507 qlen=5

[ae] tcp_sent session=65 len=2920 sndbuf=9427 qlen=2

[ae] tcp_sent session=65 len=1460 sndbuf=10887 qlen=1

[ae] tcp_sent session=65 len=793 sndbuf=11680 qlen=0

[ae] RX FIN session=65 pcb=20029CA8

[ae] CLOSE REQUEST session=65 pcb=20029CA8 sndbuf=11680 qlen=0 slots=1

[ae] tcp_close session=65 err=0

[ae] CLOSE RELEASE session=65 slots=0

[ae] ACCEPT session=66 pcb=20029D80

[ae] RX HELLO session=66 role=0

[ae] MIC ENABLE session=66 pcb=20029D80

[ae] AUTH OK session=66 role=0

[ae] tcp_sent session=66 len=5 sndbuf=11680 qlen=0

[ae] tcp_sent session=66 len=1460 sndbuf=8009 qlen=3

[ae] tcp_sent session=66 len=1460 sndbuf=9469 qlen=2

[ae] tcp_sent session=66 len=1460 sndbuf=10929 qlen=1

[ae] tcp_sent session=66 len=751 sndbuf=11680 qlen=0

[ae] tcp_sent session=66 len=2920 sndbuf=9469 qlen=2

[ae] tcp_sent session=66 len=1460 sndbuf=10929 qlen=1

[ae] PUMP WAIT session=66 raw=576757 consumed=225

[ae] tcp_sent session=66 len=751 sndbuf=11680 qlen=0

[ae] tcp_sent session=66 len=1460 sndbuf=8009 qlen=3

[ae] tcp_sent session=66 len=2920 sndbuf=10929 qlen=1

[ae] tcp_sent session=66 len=751 sndbuf=11680 qlen=0

[ae] RX FIN session=66 pcb=20029D80

[ae] CLOSE REQUEST session=66 pcb=20029D80 sndbuf=11680 qlen=0 slots=1

[ae] tcp_close session=66 err=0

[ae] CLOSE RELEASE session=66 slots=0

[ae] ACCEPT session=67 pcb=20029CA8

[ae] RX HELLO session=67 role=0

[ae] MIC ENABLE session=67 pcb=20029CA8

[ae] AUTH OK session=67 role=0

[ae] tcp_sent session=67 len=5 sndbuf=6549 qlen=4

[ae] tcp_sent session=67 len=1460 sndbuf=8009 qlen=3

[ae] tcp_sent session=67 len=1460 sndbuf=9469 qlen=2

[ae] tcp_sent session=67 len=1460 sndbuf=10929 qlen=1

[ae] tcp_sent session=67 len=751 sndbuf=11680 qlen=0

[ae] tcp_sent session=67 len=1460 sndbuf=8009 qlen=3

[ae] tcp_sent session=67 len=1460 sndbuf=9469 qlen=2

[ae] tcp_sent session=67 len=1460 sndbuf=10929 qlen=1

[ae] tcp_sent session=67 len=751 sndbuf=11680 qlen=0

[ae] tcp_sent session=67 len=2920 sndbuf=9469 qlen=2

[ae] tcp_sent session=67 len=1460 sndbuf=10929 qlen=1

[ae] tcp_sent session=67 len=751 sndbuf=11680 qlen=0

[ae] RX FIN session=67 pcb=20029CA8

[ae] CLOSE REQUEST session=67 pcb=20029CA8 sndbuf=11680 qlen=0 slots=1

[ae] tcp_close session=67 err=0

[ae] CLOSE RELEASE session=67 slots=0

[ae] ACCEPT session=68 pcb=20029D80

[ae] RX HELLO session=68 role=0

[ae] MIC ENABLE session=68 pcb=20029D80

[ae] AUTH OK session=68 role=0

[ae] tcp_sent session=68 len=5 sndbuf=11680 qlen=0

[ae] tcp_sent session=68 len=1460 sndbuf=8009 qlen=3

[ae] tcp_sent session=68 len=1460 sndbuf=9469 qlen=2

[ae] tcp_sent session=68 len=1460 sndbuf=10929 qlen=1

[ae] tcp_sent session=68 len=751 sndbuf=11680 qlen=0

[ae] tcp_sent session=68 len=4380 sndbuf=10929 qlen=1

[ae] tcp_sent session=68 len=751 sndbuf=11680 qlen=0

[ae] tcp_sent session=68 len=1460 sndbuf=8009 qlen=3

[ae] tcp_sent session=68 len=1460 sndbuf=9469 qlen=2

[ae] tcp_sent session=68 len=1460 sndbuf=10929 qlen=1

[ae] tcp_sent session=68 len=751 sndbuf=11680 qlen=0

[ae] RX FIN session=68 pcb=20029D80

[ae] CLOSE REQUEST session=68 pcb=20029D80 sndbuf=11680 qlen=0 slots=1

[ae] tcp_close session=68 err=0

[ae] CLOSE RELEASE session=68 slots=0

[ae] ACCEPT session=69 pcb=20029CA8

[ae] RX HELLO session=69 role=0

[ae] MIC ENABLE session=69 pcb=20029CA8

[ae] AUTH OK session=69 role=0

[ae] tcp_sent session=69 len=5 sndbuf=11680 qlen=0

[ae] tcp_sent session=69 len=2920 sndbuf=9469 qlen=2

[ae] tcp_sent session=69 len=1460 sndbuf=10929 qlen=1

[ae] tcp_sent session=69 len=751 sndbuf=11680 qlen=0

[ae] tcp_sent session=69 len=1460 sndbuf=8009 qlen=3

[ae] tcp_sent session=69 len=1460 sndbuf=9469 qlen=2

[ae] tcp_sent session=69 len=1460 sndbuf=10929 qlen=1

[ae] tcp_sent session=69 len=751 sndbuf=11680 qlen=0

[ae] tcp_sent session=69 len=4380 sndbuf=10929 qlen=1

[ae] tcp_sent session=69 len=751 sndbuf=11680 qlen=0

[ae] RX FIN session=69 pcb=20029CA8

[ae] CLOSE REQUEST session=69 pcb=20029CA8 sndbuf=11680 qlen=0 slots=1

[ae] tcp_close session=69 err=0

[ae] CLOSE RELEASE session=69 slots=0

[ae] ACCEPT session=70 pcb=20029D80

[ae] RX HELLO session=70 role=0

[ae] MIC ENABLE session=70 pcb=20029D80

[ae] AUTH OK session=70 role=0

[ae] tcp_sent session=70 len=5 sndbuf=11680 qlen=0

[ae] tcp_sent session=70 len=4380 sndbuf=5798 qlen=6

[ae] tcp_sent session=70 len=1460 sndbuf=7258 qlen=4

[ae] tcp_sent session=70 len=1460 sndbuf=8718 qlen=3

[ae] tcp_sent session=70 len=2920 sndbuf=11638 qlen=1

[ae] tcp_sent session=70 len=42 sndbuf=11680 qlen=0

[ae] tcp_sent session=70 len=1460 sndbuf=8009 qlen=3

[ae] tcp_sent session=70 len=1460 sndbuf=9469 qlen=2

[ae] tcp_sent session=70 len=1460 sndbuf=10929 qlen=1

[ae] tcp_sent session=70 len=751 sndbuf=11680 qlen=0

[ae] RX FIN session=70 pcb=20029D80

[ae] CLOSE REQUEST session=70 pcb=20029D80 sndbuf=11680 qlen=0 slots=1

[ae] tcp_close session=70 err=0

[ae] CLOSE RELEASE session=70 slots=0

[ae] ACCEPT session=71 pcb=20029CA8

[ae] RX HELLO session=71 role=0

[ae] MIC ENABLE session=71 pcb=20029CA8

[ae] AUTH OK session=71 role=0

[ae] tcp_sent session=71 len=5 sndbuf=11680 qlen=0

[ae] tcp_sent session=71 len=1460 sndbuf=8009 qlen=3

[ae] tcp_sent session=71 len=1460 sndbuf=9469 qlen=2

[ae] tcp_sent session=71 len=1460 sndbuf=10929 qlen=1

[ae] tcp_sent session=71 len=751 sndbuf=11680 qlen=0

[ae] tcp_sent session=71 len=1460 sndbuf=8009 qlen=3

[ae] tcp_sent session=71 len=1460 sndbuf=9469 qlen=2

[ae] tcp_sent session=71 len=1460 sndbuf=10929 qlen=1

[ae] tcp_sent session=71 len=751 sndbuf=11680 qlen=0

[ae] tcp_sent session=71 len=1460 sndbuf=8009 qlen=3

[ae] tcp_sent session=71 len=1460 sndbuf=4338 qlen=7

[ae] tcp_sent session=71 len=1460 sndbuf=5798 qlen=6

[ae] tcp_sent session=71 len=1460 sndbuf=7258 qlen=4

[ae] RX FIN session=71 pcb=20029CA8

[ae] CLOSE REQUEST session=71 pcb=20029CA8 sndbuf=7258 qlen=4 slots=1

[ae] tcp_close session=71 err=0

[ae] CLOSE RELEASE session=71 slots=0

[ae] ACCEPT session=72 pcb=20029D80

[ae] RX HELLO session=72 role=0

[ae] MIC ENABLE session=72 pcb=20029D80

[ae] AUTH OK session=72 role=0

[ae] tcp_sent session=72 len=5 sndbuf=11680 qlen=0

[ae] PUMP WAIT session=72 raw=621982 consumed=242

[ae] tcp_sent session=72 len=2920 sndbuf=9469 qlen=2

[ae] tcp_sent session=72 len=1460 sndbuf=10929 qlen=1

[ae] tcp_sent session=72 len=751 sndbuf=11680 qlen=0

[ae] tcp_sent session=72 len=1460 sndbuf=8009 qlen=3

[ae] tcp_sent session=72 len=1460 sndbuf=9469 qlen=2

[ae] tcp_sent session=72 len=1460 sndbuf=10929 qlen=1

[ae] tcp_sent session=72 len=751 sndbuf=11680 qlen=0

[ae] tcp_sent session=72 len=1460 sndbuf=8009 qlen=3

[ae] tcp_sent session=72 len=1460 sndbuf=9469 qlen=2

[ae] tcp_sent session=72 len=1460 sndbuf=10929 qlen=1

[ae] tcp_sent session=72 len=751 sndbuf=11680 qlen=0

[ae] RX FIN session=72 pcb=20029D80

[ae] CLOSE REQUEST session=72 pcb=20029D80 sndbuf=11680 qlen=0 slots=1

[ae] tcp_close session=72 err=0

[ae] CLOSE RELEASE session=72 slots=0

[ae] ACCEPT session=73 pcb=20029CA8

[ae] RX HELLO session=73 role=0

[ae] MIC ENABLE session=73 pcb=20029CA8

[ae] AUTH OK session=73 role=0

[ae] tcp_sent session=73 len=5 sndbuf=11680 qlen=0

[ae] tcp_sent session=73 len=4380 sndbuf=10929 qlen=1

[ae] tcp_sent session=73 len=751 sndbuf=11680 qlen=0

[ae] tcp_sent session=73 len=1460 sndbuf=8009 qlen=3

[ae] tcp_sent session=73 len=1460 sndbuf=9469 qlen=2

[ae] tcp_sent session=73 len=1460 sndbuf=10929 qlen=1

[ae] tcp_sent session=73 len=751 sndbuf=11680 qlen=0

[ae] tcp_sent session=73 len=1460 sndbuf=8009 qlen=3

[ae] tcp_sent session=73 len=1460 sndbuf=9469 qlen=2

[ae] tcp_sent session=73 len=1460 sndbuf=10929 qlen=1

[ae] tcp_sent session=73 len=751 sndbuf=11680 qlen=0

[ae] RX FIN session=73 pcb=20029CA8

[ae] CLOSE REQUEST session=73 pcb=20029CA8 sndbuf=11680 qlen=0 slots=1

[ae] tcp_close session=73 err=0

[ae] CLOSE RELEASE session=73 slots=0

[ae] ACCEPT session=74 pcb=20029D80

[ae] RX HELLO session=74 role=0

[ae] MIC ENABLE session=74 pcb=20029D80

[ae] AUTH OK session=74 role=0

[ae] tcp_sent session=74 len=5 sndbuf=11680 qlen=0

[ae] tcp_sent session=74 len=1460 sndbuf=8009 qlen=3

[ae] tcp_sent session=74 len=1460 sndbuf=9469 qlen=2

[ae] tcp_sent session=74 len=1460 sndbuf=10929 qlen=1

[ae] tcp_sent session=74 len=751 sndbuf=11680 qlen=0

[ae] tcp_sent session=74 len=1460 sndbuf=8009 qlen=3

[ae] tcp_sent session=74 len=2920 sndbuf=10929 qlen=1

[ae] tcp_sent session=74 len=751 sndbuf=11680 qlen=0

[ae] tcp_sent session=74 len=1460 sndbuf=8009 qlen=3

[ae] tcp_sent session=74 len=1460 sndbuf=9469 qlen=2

[ae] tcp_sent session=74 len=1460 sndbuf=10929 qlen=1

[ae] tcp_sent session=74 len=751 sndbuf=11680 qlen=0

[ae] RX FIN session=74 pcb=20029D80

[ae] CLOSE REQUEST session=74 pcb=20029D80 sndbuf=11680 qlen=0 slots=1

[ae] tcp_close session=74 err=0

[ae] CLOSE RELEASE session=74 slots=0

[ae] ACCEPT session=75 pcb=20029CA8

[ae] RX HELLO session=75 role=0

[ae] MIC ENABLE session=75 pcb=20029CA8

[ae] AUTH OK session=75 role=0

[ae] tcp_sent session=75 len=5 sndbuf=6549 qlen=4

[ae] tcp_sent session=75 len=1460 sndbuf=8009 qlen=3

[ae] tcp_sent session=75 len=1460 sndbuf=9469 qlen=2

[ae] tcp_sent session=75 len=1460 sndbuf=10929 qlen=1

[ae] tcp_sent session=75 len=751 sndbuf=11680 qlen=0

[ae] tcp_sent session=75 len=1460 sndbuf=8009 qlen=3

[ae] tcp_sent session=75 len=1460 sndbuf=9469 qlen=2

[ae] tcp_sent session=75 len=1460 sndbuf=10929 qlen=1

[ae] tcp_sent session=75 len=751 sndbuf=11680 qlen=0

[ae] tcp_sent session=75 len=1460 sndbuf=8009 qlen=3

[ae] tcp_sent session=75 len=1460 sndbuf=9469 qlen=2

[ae] tcp_sent session=75 len=1460 sndbuf=10929 qlen=1

[ae] tcp_sent session=75 len=751 sndbuf=11680 qlen=0

[ae] RX FIN session=75 pcb=20029CA8

[ae] CLOSE REQUEST session=75 pcb=20029CA8 sndbuf=11680 qlen=0 slots=1

[ae] tcp_close session=75 err=0

[ae] CLOSE RELEASE session=75 slots=0

[ae] ACCEPT session=76 pcb=20029D80

[ae] RX HELLO session=76 role=0

[ae] MIC ENABLE session=76 pcb=20029D80

[ae] AUTH OK session=76 role=0

[ae] tcp_sent session=76 len=5 sndbuf=11680 qlen=0

[ae] tcp_sent session=76 len=1460 sndbuf=8009 qlen=3

[ae] tcp_sent session=76 len=1460 sndbuf=9469 qlen=2

[ae] tcp_sent session=76 len=1460 sndbuf=10929 qlen=1

[ae] tcp_sent session=76 len=751 sndbuf=11680 qlen=0

[ae] tcp_sent session=76 len=1460 sndbuf=8009 qlen=3

[ae] tcp_sent session=76 len=2920 sndbuf=10929 qlen=1

[ae] tcp_sent session=76 len=751 sndbuf=11680 qlen=0

[ae] tcp_sent session=76 len=1460 sndbuf=8009 qlen=3

[ae] tcp_sent session=76 len=2920 sndbuf=10929 qlen=1

[ae] tcp_sent session=76 len=751 sndbuf=11680 qlen=0

[ae] RX FIN session=76 pcb=20029D80

[ae] CLOSE REQUEST session=76 pcb=20029D80 sndbuf=11680 qlen=0 slots=1

[ae] tcp_close session=76 err=0

[ae] CLOSE RELEASE session=76 slots=0

[ae] ACCEPT session=77 pcb=20029CA8

[ae] RX HELLO session=77 role=0

[ae] MIC ENABLE session=77 pcb=20029CA8

[ae] AUTH OK session=77 role=0

[ae] tcp_sent session=77 len=5 sndbuf=11680 qlen=0

[ae] tcp_sent session=77 len=1460 sndbuf=8009 qlen=3

[ae] tcp_sent session=77 len=1460 sndbuf=9469 qlen=2

[ae] tcp_sent session=77 len=1460 sndbuf=10929 qlen=1

[ae] tcp_sent session=77 len=751 sndbuf=11680 qlen=0

[ae] tcp_sent session=77 len=1460 sndbuf=8009 qlen=3

[ae] tcp_sent session=77 len=2920 sndbuf=10929 qlen=1

[ae] tcp_sent session=77 len=751 sndbuf=11680 qlen=0

[ae] tcp_sent session=77 len=1460 sndbuf=8009 qlen=3

[ae] tcp_sent session=77 len=1460 sndbuf=9469 qlen=2

[ae] tcp_sent session=77 len=1460 sndbuf=10929 qlen=1

[ae] tcp_sent session=77 len=751 sndbuf=11680 qlen=0

[ae] RX FIN session=77 pcb=20029CA8

[ae] CLOSE REQUEST session=77 pcb=20029CA8 sndbuf=11680 qlen=0 slots=1

[ae] tcp_close session=77 err=0

[ae] CLOSE RELEASE session=77 slots=0

[ae] ACCEPT session=78 pcb=20029D80

[ae] RX HELLO session=78 role=0

[ae] MIC ENABLE session=78 pcb=20029D80

[ae] AUTH OK session=78 role=0

[ae] tcp_sent session=78 len=5 sndbuf=11680 qlen=0

[ae] tcp_sent session=78 len=1460 sndbuf=8009 qlen=3

[ae] tcp_sent session=78 len=1460 sndbuf=9469 qlen=2

[ae] tcp_sent session=78 len=1460 sndbuf=10929 qlen=1

[ae] PUMP WAIT session=78 raw=669789 consumed=261

[ae] tcp_sent session=78 len=751 sndbuf=11680 qlen=0

[ae] tcp_sent session=78 len=1460 sndbuf=8009 qlen=3

[ae] tcp_sent session=78 len=2920 sndbuf=10929 qlen=1

[ae] tcp_sent session=78 len=751 sndbuf=11680 qlen=0

[ae] tcp_sent session=78 len=1460 sndbuf=8009 qlen=3

[ae] tcp_sent session=78 len=1460 sndbuf=9469 qlen=2

[ae] tcp_sent session=78 len=1460 sndbuf=10929 qlen=1

[ae] tcp_sent session=78 len=751 sndbuf=11680 qlen=0

[ae] RX FIN session=78 pcb=20029D80

[ae] CLOSE REQUEST session=78 pcb=20029D80 sndbuf=11680 qlen=0 slots=1

[ae] tcp_close session=78 err=0

[ae] CLOSE RELEASE session=78 slots=0

[ae] ACCEPT session=79 pcb=20029CA8

[ae] RX HELLO session=79 role=0

[ae] MIC ENABLE session=79 pcb=20029CA8

[ae] AUTH OK session=79 role=0

[ae] tcp_sent session=79 len=5 sndbuf=11680 qlen=0

[ae] tcp_sent session=79 len=1460 sndbuf=8009 qlen=3

[ae] tcp_sent session=79 len=1460 sndbuf=9469 qlen=2

[ae] tcp_sent session=79 len=1460 sndbuf=10929 qlen=1

[ae] tcp_sent session=79 len=751 sndbuf=11680 qlen=0

[ae] tcp_sent session=79 len=1460 sndbuf=8009 qlen=3

[ae] tcp_sent session=79 len=1460 sndbuf=9469 qlen=2

[ae] tcp_sent session=79 len=1460 sndbuf=10929 qlen=1

[ae] tcp_sent session=79 len=751 sndbuf=11680 qlen=0

[ae] tcp_sent session=79 len=1460 sndbuf=8009 qlen=3

[ae] tcp_sent session=79 len=1460 sndbuf=9469 qlen=2

[ae] tcp_sent session=79 len=1460 sndbuf=10929 qlen=1

[ae] tcp_sent session=79 len=751 sndbuf=11680 qlen=0

[ae] RX FIN session=79 pcb=20029CA8

[ae] CLOSE REQUEST session=79 pcb=20029CA8 sndbuf=11680 qlen=0 slots=1

[ae] tcp_close session=79 err=0

[ae] CLOSE RELEASE session=79 slots=0

[ae] ACCEPT session=80 pcb=20029D80

[ae] RX HELLO session=80 role=0

[ae] MIC ENABLE session=80 pcb=20029D80

[ae] AUTH OK session=80 role=0

[ae] tcp_sent session=80 len=5 sndbuf=6549 qlen=4

[ae] tcp_sent session=80 len=1460 sndbuf=8009 qlen=3

[ae] tcp_sent session=80 len=1460 sndbuf=9469 qlen=2

[ae] tcp_sent session=80 len=1460 sndbuf=10929 qlen=1

[ae] tcp_sent session=80 len=751 sndbuf=11680 qlen=0

[ae] tcp_sent session=80 len=2920 sndbuf=9469 qlen=2

[ae] tcp_sent session=80 len=1460 sndbuf=10929 qlen=1

[ae] tcp_sent session=80 len=751 sndbuf=11680 qlen=0

[ae] tcp_sent session=80 len=1460 sndbuf=8009 qlen=3

[ae] tcp_sent session=80 len=2920 sndbuf=10929 qlen=1

[ae] tcp_sent session=80 len=751 sndbuf=11680 qlen=0

[ae] RX FIN session=80 pcb=20029D80

[ae] CLOSE REQUEST session=80 pcb=20029D80 sndbuf=11680 qlen=0 slots=1

[ae] tcp_close session=80 err=0

[ae] CLOSE RELEASE session=80 slots=0

[ae] ACCEPT session=81 pcb=20029CA8

[ae] RX HELLO session=81 role=0

[ae] MIC ENABLE session=81 pcb=20029CA8

[ae] AUTH OK session=81 role=0

[ae] tcp_sent session=81 len=5 sndbuf=11680 qlen=0

[ae] tcp_sent session=81 len=2920 sndbuf=9469 qlen=2

[ae] tcp_sent session=81 len=1460 sndbuf=10929 qlen=1

[ae] tcp_sent session=81 len=751 sndbuf=11680 qlen=0

[ae] tcp_sent session=81 len=1460 sndbuf=8009 qlen=3

[ae] tcp_sent session=81 len=2920 sndbuf=10929 qlen=1

[ae] tcp_sent session=81 len=751 sndbuf=11680 qlen=0

[ae] tcp_sent session=81 len=1460 sndbuf=8009 qlen=3

[ae] tcp_sent session=81 len=2920 sndbuf=10929 qlen=1

[ae] tcp_sent session=81 len=751 sndbuf=11680 qlen=0

[ae] RX FIN session=81 pcb=20029CA8

[ae] CLOSE REQUEST session=81 pcb=20029CA8 sndbuf=11680 qlen=0 slots=1

[ae] tcp_close session=81 err=0

[ae] CLOSE RELEASE session=81 slots=0

[ae] ACCEPT session=82 pcb=20029D80

[ae] RX HELLO session=82 role=0

[ae] MIC ENABLE session=82 pcb=20029D80

[ae] AUTH OK session=82 role=0

[ae] tcp_sent session=82 len=5 sndbuf=11680 qlen=0

[ae] tcp_sent session=82 len=1460 sndbuf=8009 qlen=3

[ae] tcp_sent session=82 len=1460 sndbuf=9469 qlen=2

[ae] tcp_sent session=82 len=1460 sndbuf=10929 qlen=1

[ae] tcp_sent session=82 len=751 sndbuf=11680 qlen=0

[ae] tcp_sent session=82 len=1460 sndbuf=8009 qlen=3

[ae] tcp_sent session=82 len=1460 sndbuf=9469 qlen=2

[ae] tcp_sent session=82 len=1460 sndbuf=10929 qlen=1

[ae] tcp_sent session=82 len=751 sndbuf=11680 qlen=0

[ae] tcp_sent session=82 len=1460 sndbuf=8009 qlen=3

[ae] tcp_sent session=82 len=1460 sndbuf=9469 qlen=2

[ae] tcp_sent session=82 len=1460 sndbuf=10929 qlen=1

[ae] tcp_sent session=82 len=751 sndbuf=11680 qlen=0

[ae] RX FIN session=82 pcb=20029D80

[ae] CLOSE REQUEST session=82 pcb=20029D80 sndbuf=11680 qlen=0 slots=1

[ae] tcp_close session=82 err=0

[ae] CLOSE RELEASE session=82 slots=0

[ae] ACCEPT session=83 pcb=20029CA8

[ae] RX HELLO session=83 role=0

[ae] MIC ENABLE session=83 pcb=20029CA8

[ae] AUTH OK session=83 role=0

[ae] tcp_sent session=83 len=5 sndbuf=11680 qlen=0

[ae] tcp_sent session=83 len=1460 sndbuf=8009 qlen=3

[ae] tcp_sent session=83 len=2920 sndbuf=10929 qlen=1

[ae] tcp_sent session=83 len=751 sndbuf=11680 qlen=0

[ae] tcp_sent session=83 len=4380 sndbuf=5798 qlen=6

[ae] tcp_sent session=83 len=1460 sndbuf=7258 qlen=4

[ae] tcp_sent session=83 len=1460 sndbuf=8718 qlen=3

[ae] tcp_sent session=83 len=1460 sndbuf=10178 qlen=2

[ae] tcp_sent session=83 len=1460 sndbuf=11638 qlen=1

[ae] tcp_sent session=83 len=42 sndbuf=11680 qlen=0

[ae] RX FIN session=83 pcb=20029CA8

[ae] CLOSE REQUEST session=83 pcb=20029CA8 sndbuf=11680 qlen=0 slots=1

[ae] tcp_close session=83 err=0

[ae] CLOSE RELEASE session=83 slots=0

[ae] ACCEPT session=84 pcb=20029D80

[ae] RX HELLO session=84 role=0

[ae] MIC ENABLE session=84 pcb=20029D80

[ae] AUTH OK session=84 role=0

[ae] tcp_sent session=84 len=5 sndbuf=11680 qlen=0

[ae] PUMP WAIT session=84 raw=716556 consumed=279

[ae] tcp_sent session=84 len=2920 sndbuf=9469 qlen=2

[ae] tcp_sent session=84 len=1460 sndbuf=10929 qlen=1

[ae] tcp_sent session=84 len=751 sndbuf=11680 qlen=0

[ae] tcp_sent session=84 len=1460 sndbuf=8009 qlen=3

[ae] tcp_sent session=84 len=2920 sndbuf=10929 qlen=1

[ae] tcp_sent session=84 len=751 sndbuf=11680 qlen=0

[ae] tcp_sent session=84 len=1460 sndbuf=8009 qlen=3

[ae] tcp_sent session=84 len=2920 sndbuf=10929 qlen=1

[ae] tcp_sent session=84 len=751 sndbuf=11680 qlen=0

[ae] RX FIN session=84 pcb=20029D80

[ae] CLOSE REQUEST session=84 pcb=20029D80 sndbuf=11680 qlen=0 slots=1

[ae] tcp_close session=84 err=0

[ae] CLOSE RELEASE session=84 slots=0

[ae] ACCEPT session=85 pcb=20029CA8

[ae] RX HELLO session=85 role=0

[ae] MIC ENABLE session=85 pcb=20029CA8

[ae] AUTH OK session=85 role=0

[ae] tcp_sent session=85 len=5 sndbuf=11680 qlen=0

[ae] tcp_sent session=85 len=1460 sndbuf=8009 qlen=3

[ae] tcp_sent session=85 len=1460 sndbuf=9469 qlen=2

[ae] tcp_sent session=85 len=1460 sndbuf=10929 qlen=1

[ae] tcp_sent session=85 len=751 sndbuf=11680 qlen=0

[ae] tcp_sent session=85 len=1460 sndbuf=8009 qlen=3

[ae] tcp_sent session=85 len=1460 sndbuf=9469 qlen=2

[ae] tcp_sent session=85 len=1460 sndbuf=10929 qlen=1

[ae] tcp_sent session=85 len=751 sndbuf=11680 qlen=0

[ae] tcp_sent session=85 len=1460 sndbuf=8009 qlen=3

[ae] tcp_sent session=85 len=1460 sndbuf=9469 qlen=2

[ae] tcp_sent session=85 len=1460 sndbuf=10929 qlen=1

[ae] tcp_sent session=85 len=751 sndbuf=11680 qlen=0

[ae] RX FIN session=85 pcb=20029CA8

[ae] CLOSE REQUEST session=85 pcb=20029CA8 sndbuf=11680 qlen=0 slots=1

[ae] tcp_close session=85 err=0

[ae] CLOSE RELEASE session=85 slots=0

[ae] ACCEPT session=86 pcb=20029D80

[ae] RX HELLO session=86 role=0

[ae] MIC ENABLE session=86 pcb=20029D80

[ae] AUTH OK session=86 role=0

[ae] tcp_sent session=86 len=5 sndbuf=11680 qlen=0

[ae] tcp_sent session=86 len=1460 sndbuf=8009 qlen=3

[ae] tcp_sent session=86 len=1460 sndbuf=9469 qlen=2

[ae] tcp_sent session=86 len=1460 sndbuf=10929 qlen=1

[ae] tcp_sent session=86 len=751 sndbuf=11680 qlen=0

[ae] tcp_sent session=86 len=1460 sndbuf=8009 qlen=3

[ae] tcp_sent session=86 len=1460 sndbuf=9469 qlen=2

[ae] tcp_sent session=86 len=1460 sndbuf=10929 qlen=1

[ae] tcp_sent session=86 len=751 sndbuf=11680 qlen=0

[ae] tcp_sent session=86 len=1460 sndbuf=8009 qlen=3

[ae] tcp_sent session=86 len=1460 sndbuf=9469 qlen=2

[ae] tcp_sent session=86 len=1460 sndbuf=10929 qlen=1

[ae] tcp_sent session=86 len=751 sndbuf=11680 qlen=0

[ae] RX FIN session=86 pcb=20029D80

[ae] CLOSE REQUEST session=86 pcb=20029D80 sndbuf=11680 qlen=0 slots=1

[ae] tcp_close session=86 err=0

[ae] CLOSE RELEASE session=86 slots=0

[ae] ACCEPT session=87 pcb=20029CA8

[ae] RX HELLO session=87 role=0

[ae] MIC ENABLE session=87 pcb=20029CA8

[ae] AUTH OK session=87 role=0

[ae] tcp_sent session=87 len=5 sndbuf=11680 qlen=0

[ae] tcp_sent session=87 len=1460 sndbuf=8009 qlen=3

[ae] tcp_sent session=87 len=1460 sndbuf=9469 qlen=2

[ae] tcp_sent session=87 len=1460 sndbuf=10929 qlen=1

[ae] tcp_sent session=87 len=751 sndbuf=11680 qlen=0

[ae] tcp_sent session=87 len=2920 sndbuf=9469 qlen=2

[ae] tcp_sent session=87 len=1460 sndbuf=10929 qlen=1

[ae] tcp_sent session=87 len=751 sndbuf=11680 qlen=0

[ae] tcp_sent session=87 len=1460 sndbuf=8009 qlen=3

[ae] tcp_sent session=87 len=2920 sndbuf=10929 qlen=1

[ae] tcp_sent session=87 len=751 sndbuf=11680 qlen=0

[ae] RX FIN session=87 pcb=20029CA8

[ae] CLOSE REQUEST session=87 pcb=20029CA8 sndbuf=11680 qlen=0 slots=1

[ae] tcp_close session=87 err=0

[ae] CLOSE RELEASE session=87 slots=0

[ae] ACCEPT session=88 pcb=20029D80

[ae] RX HELLO session=88 role=0

[ae] MIC ENABLE session=88 pcb=20029D80

[ae] AUTH OK session=88 role=0

[ae] tcp_sent session=88 len=5 sndbuf=6549 qlen=4

[ae] tcp_sent session=88 len=1460 sndbuf=8009 qlen=3

[ae] tcp_sent session=88 len=1460 sndbuf=9469 qlen=2

[ae] tcp_sent session=88 len=1460 sndbuf=10929 qlen=1

[ae] tcp_sent session=88 len=751 sndbuf=11680 qlen=0

[ae] tcp_sent session=88 len=1460 sndbuf=8009 qlen=3

[ae] tcp_sent session=88 len=1460 sndbuf=9469 qlen=2

[ae] tcp_sent session=88 len=1460 sndbuf=10929 qlen=1

[ae] tcp_sent session=88 len=751 sndbuf=11680 qlen=0

[ae] tcp_sent session=88 len=1460 sndbuf=8009 qlen=3

[ae] tcp_sent session=88 len=1460 sndbuf=9469 qlen=2

[ae] tcp_sent session=88 len=1460 sndbuf=10929 qlen=1

[ae] tcp_sent session=88 len=751 sndbuf=11680 qlen=0

[ae] RX FIN session=88 pcb=20029D80

[ae] CLOSE REQUEST session=88 pcb=20029D80 sndbuf=11680 qlen=0 slots=1

[ae] tcp_close session=88 err=0

[ae] CLOSE RELEASE session=88 slots=0

[ae] ACCEPT session=89 pcb=20029CA8

[ae] RX HELLO session=89 role=0

[ae] MIC ENABLE session=89 pcb=20029CA8

[ae] AUTH OK session=89 role=0

[ae] tcp_sent session=89 len=5 sndbuf=11680 qlen=0

[ae] tcp_sent session=89 len=1460 sndbuf=8009 qlen=3

[ae] tcp_sent session=89 len=2920 sndbuf=10929 qlen=1

[ae] tcp_sent session=89 len=751 sndbuf=11680 qlen=0

[ae] tcp_sent session=89 len=1460 sndbuf=8009 qlen=3

[ae] tcp_sent session=89 len=1460 sndbuf=9469 qlen=2

[ae] tcp_sent session=89 len=1460 sndbuf=10929 qlen=1

[ae] tcp_sent session=89 len=751 sndbuf=11680 qlen=0

[ae] tcp_sent session=89 len=4380 sndbuf=10929 qlen=1

[ae] tcp_sent session=89 len=751 sndbuf=6549 qlen=4

[ae] RX FIN session=89 pcb=20029CA8

[ae] CLOSE REQUEST session=89 pcb=20029CA8 sndbuf=6549 qlen=4 slots=1

[ae] tcp_close session=89 err=0

[ae] CLOSE RELEASE session=89 slots=0

[ae] ACCEPT session=90 pcb=20029D80

[ae] RX HELLO session=90 role=0

[ae] MIC ENABLE session=90 pcb=20029D80

[ae] AUTH OK session=90 role=0

[ae] tcp_sent session=90 len=5 sndbuf=11680 qlen=0

[ae] PUMP WAIT session=90 raw=764519 consumed=298

[ae] tcp_sent session=90 len=1460 sndbuf=8009 qlen=3

[ae] tcp_sent session=90 len=1460 sndbuf=9469 qlen=2

[ae] tcp_sent session=90 len=1460 sndbuf=10929 qlen=1

[ae] tcp_sent session=90 len=751 sndbuf=11680 qlen=0

[ae] tcp_sent session=90 len=1460 sndbuf=8009 qlen=3

[ae] tcp_sent session=90 len=1460 sndbuf=9469 qlen=2

[ae] tcp_sent session=90 len=1460 sndbuf=10929 qlen=1

[ae] tcp_sent session=90 len=751 sndbuf=11680 qlen=0

[ae] sending mic frame 300

[ae] tcp_sent session=90 len=1460 sndbuf=8009 qlen=3

[ae] tcp_sent session=90 len=1460 sndbuf=9469 qlen=2

[ae] tcp_sent session=90 len=1460 sndbuf=10929 qlen=1

[ae] tcp_sent session=90 len=751 sndbuf=11680 qlen=0

[ae] RX FIN session=90 pcb=20029D80

[ae] CLOSE REQUEST session=90 pcb=20029D80 sndbuf=11680 qlen=0 slots=1

[ae] tcp_close session=90 err=0

[ae] CLOSE RELEASE session=90 slots=0

[ae] ACCEPT session=91 pcb=20029CA8

[ae] RX HELLO session=91 role=0

[ae] MIC ENABLE session=91 pcb=20029CA8

[ae] AUTH OK session=91 role=0

[ae] tcp_sent session=91 len=5 sndbuf=6549 qlen=4

[ae] tcp_sent session=91 len=4380 sndbuf=10929 qlen=1

[ae] tcp_sent session=91 len=751 sndbuf=11680 qlen=0

[ae] tcp_sent session=91 len=1460 sndbuf=8009 qlen=3

[ae] tcp_sent session=91 len=1460 sndbuf=9469 qlen=2

[ae] tcp_sent session=91 len=1460 sndbuf=10929 qlen=1

[ae] tcp_sent session=91 len=751 sndbuf=11680 qlen=0

[ae] tcp_sent session=91 len=2920 sndbuf=9469 qlen=2

[ae] tcp_sent session=91 len=1460 sndbuf=10929 qlen=1

[ae] tcp_sent session=91 len=751 sndbuf=11680 qlen=0

[ae] RX FIN session=91 pcb=20029CA8

[ae] CLOSE REQUEST session=91 pcb=20029CA8 sndbuf=11680 qlen=0 slots=1

[ae] tcp_close session=91 err=0

[ae] CLOSE RELEASE session=91 slots=0

[ae] ACCEPT session=92 pcb=20029D80

[ae] RX HELLO session=92 role=0

[ae] MIC ENABLE session=92 pcb=20029D80

[ae] AUTH OK session=92 role=0

[ae] tcp_sent session=92 len=5 sndbuf=11680 qlen=0

[ae] tcp_sent session=92 len=1460 sndbuf=8009 qlen=3

[ae] tcp_sent session=92 len=1460 sndbuf=9469 qlen=2

[ae] tcp_sent session=92 len=1460 sndbuf=10929 qlen=1

[ae] tcp_sent session=92 len=751 sndbuf=11680 qlen=0

[ae] tcp_sent session=92 len=1460 sndbuf=8009 qlen=3

[ae] tcp_sent session=92 len=2920 sndbuf=10929 qlen=1

[ae] tcp_sent session=92 len=751 sndbuf=11680 qlen=0

[ae] tcp_sent session=92 len=1460 sndbuf=8009 qlen=3

[ae] tcp_sent session=92 len=2920 sndbuf=10929 qlen=1

[ae] tcp_sent session=92 len=751 sndbuf=11680 qlen=0

[ae] RX FIN session=92 pcb=20029D80

[ae] CLOSE REQUEST session=92 pcb=20029D80 sndbuf=11680 qlen=0 slots=1

[ae] tcp_close session=92 err=0

[ae] CLOSE RELEASE session=92 slots=0

[ae] ACCEPT session=93 pcb=20029D80

[ae] RX HELLO session=93 role=0

[ae] MIC ENABLE session=93 pcb=20029D80

[ae] AUTH OK session=93 role=0

[ae] tcp_sent session=93 len=5 sndbuf=11680 qlen=0

[ae] tcp_sent session=93 len=2920 sndbuf=9469 qlen=2

[ae] tcp_sent session=93 len=1460 sndbuf=10929 qlen=1

[ae] tcp_sent session=93 len=751 sndbuf=11680 qlen=0

[ae] tcp_sent session=93 len=1460 sndbuf=8009 qlen=3

[ae] tcp_sent session=93 len=1460 sndbuf=9469 qlen=2

[ae] tcp_sent session=93 len=1460 sndbuf=10929 qlen=1

[ae] tcp_sent session=93 len=751 sndbuf=11680 qlen=0

[ae] tcp_sent session=93 len=1460 sndbuf=8009 qlen=3

[ae] tcp_sent session=93 len=1460 sndbuf=9469 qlen=2

[ae] tcp_sent session=93 len=1460 sndbuf=10929 qlen=1

[ae] tcp_sent session=93 len=751 sndbuf=11680 qlen=0

[ae] RX FIN session=93 pcb=20029D80

[ae] CLOSE REQUEST session=93 pcb=20029D80 sndbuf=11680 qlen=0 slots=1

[ae] tcp_close session=93 err=0

[ae] CLOSE RELEASE session=93 slots=0

[ae] ACCEPT session=94 pcb=20029CA8

[ae] RX HELLO session=94 role=0

[ae] MIC ENABLE session=94 pcb=20029CA8

[ae] AUTH OK session=94 role=0

[ae] tcp_sent session=94 len=5 sndbuf=11680 qlen=0

[ae] PUMP SEND session=94 len=5131 err=0 sndbuf=6549 qlen=4

[ae] tcp_sent session=94 len=1460 sndbuf=8009 qlen=3

[ae] tcp_sent session=94 len=2920 sndbuf=10929 qlen=1

[ae] tcp_sent session=94 len=751 sndbuf=11680 qlen=0

[ae] tcp_sent session=94 len=4380 sndbuf=5798 qlen=6

[ae] tcp_sent session=94 len=1460 sndbuf=7258 qlen=4

[ae] tcp_sent session=94 len=1460 sndbuf=8718 qlen=3

[ae] tcp_sent session=94 len=1460 sndbuf=10178 qlen=2

[ae] tcp_sent session=94 len=1460 sndbuf=11638 qlen=1

[ae] tcp_sent session=94 len=42 sndbuf=11680 qlen=0

[ae] RX FIN session=94 pcb=20029CA8

[ae] CLOSE REQUEST session=94 pcb=20029CA8 sndbuf=11680 qlen=0 slots=1

[ae] tcp_close session=94 err=0

[ae] CLOSE RELEASE session=94 slots=0

[ae] ACCEPT session=95 pcb=20029D80

[ae] RX HELLO session=95 role=0

[ae] MIC ENABLE session=95 pcb=20029D80

[ae] AUTH OK session=95 role=0

[ae] tcp_sent session=95 len=5 sndbuf=11680 qlen=0

[ae] tcp_sent session=95 len=1460 sndbuf=8009 qlen=3

[ae] tcp_sent session=95 len=1460 sndbuf=9469 qlen=2

[ae] tcp_sent session=95 len=1460 sndbuf=10929 qlen=1

[ae] tcp_sent session=95 len=751 sndbuf=11680 qlen=0

[ae] tcp_sent session=95 len=1460 sndbuf=8009 qlen=3

[ae] tcp_sent session=95 len=1460 sndbuf=9469 qlen=2

[ae] tcp_sent session=95 len=1460 sndbuf=10929 qlen=1

[ae] tcp_sent session=95 len=751 sndbuf=11680 qlen=0

[ae] tcp_sent session=95 len=1460 sndbuf=8009 qlen=3

[ae] tcp_sent session=95 len=1460 sndbuf=9469 qlen=2

[ae] tcp_sent session=95 len=1460 sndbuf=10929 qlen=1

[ae] tcp_sent session=95 len=751 sndbuf=11680 qlen=0

[ae] RX FIN session=95 pcb=20029D80

[ae] CLOSE REQUEST session=95 pcb=20029D80 sndbuf=11680 qlen=0 slots=1

[ae] tcp_close session=95 err=0

[ae] CLOSE RELEASE session=95 slots=0

[ae] ACCEPT session=96 pcb=20029CA8

[ae] RX HELLO session=96 role=0

[ae] MIC ENABLE session=96 pcb=20029CA8

[ae] AUTH OK session=96 role=0

[ae] PUMP WAIT session=96 raw=812380 consumed=317

[ae] tcp_sent session=96 len=1465 sndbuf=8009 qlen=3

[ae] tcp_sent session=96 len=1460 sndbuf=9469 qlen=2

[ae] tcp_sent session=96 len=1460 sndbuf=10929 qlen=1

[ae] tcp_sent session=96 len=751 sndbuf=11680 qlen=0

[ae] tcp_sent session=96 len=1460 sndbuf=8009 qlen=3

[ae] tcp_sent session=96 len=1460 sndbuf=9469 qlen=2

[ae] tcp_sent session=96 len=1460 sndbuf=10929 qlen=1

[ae] tcp_sent session=96 len=751 sndbuf=11680 qlen=0

[ae] tcp_sent session=96 len=1460 sndbuf=8009 qlen=3

[ae] tcp_sent session=96 len=1460 sndbuf=9469 qlen=2

[ae] tcp_sent session=96 len=1460 sndbuf=10929 qlen=1

[ae] tcp_sent session=96 len=751 sndbuf=11680 qlen=0

[ae] RX FIN session=96 pcb=20029CA8

[ae] CLOSE REQUEST session=96 pcb=20029CA8 sndbuf=11680 qlen=0 slots=1

[ae] tcp_close session=96 err=0

[ae] CLOSE RELEASE session=96 slots=0

[ae] ACCEPT session=97 pcb=20029D80

[ae] RX HELLO session=97 role=0

[ae] MIC ENABLE session=97 pcb=20029D80

[ae] AUTH OK session=97 role=0

[ae] tcp_sent session=97 len=5 sndbuf=11680 qlen=0

[ae] tcp_sent session=97 len=1460 sndbuf=8009 qlen=3

[ae] tcp_sent session=97 len=1460 sndbuf=9469 qlen=2

[ae] tcp_sent session=97 len=1460 sndbuf=10929 qlen=1

[ae] tcp_sent session=97 len=751 sndbuf=11680 qlen=0

[ae] tcp_sent session=97 len=2920 sndbuf=9469 qlen=2

[ae] tcp_sent session=97 len=1460 sndbuf=10929 qlen=1

[ae] tcp_sent session=97 len=751 sndbuf=11680 qlen=0

[ae] tcp_sent session=97 len=1460 sndbuf=8009 qlen=3

[ae] tcp_sent session=97 len=1460 sndbuf=9469 qlen=2

[ae] tcp_sent session=97 len=1460 sndbuf=10929 qlen=1

[ae] tcp_sent session=97 len=751 sndbuf=11680 qlen=0

[ae] RX FIN session=97 pcb=20029D80

[ae] CLOSE REQUEST session=97 pcb=20029D80 sndbuf=11680 qlen=0 slots=1

[ae] tcp_close session=97 err=0

[ae] CLOSE RELEASE session=97 slots=0

[ae] ACCEPT session=98 pcb=20029CA8

[ae] RX HELLO session=98 role=0

[ae] MIC ENABLE session=98 pcb=20029CA8

[ae] AUTH OK session=98 role=0

[ae] tcp_sent session=98 len=5 sndbuf=6549 qlen=4

[ae] tcp_sent session=98 len=1460 sndbuf=8009 qlen=3

[ae] tcp_sent session=98 len=1460 sndbuf=9469 qlen=2

[ae] tcp_sent session=98 len=1460 sndbuf=10929 qlen=1

[ae] tcp_sent session=98 len=751 sndbuf=11680 qlen=0

[ae] tcp_sent session=98 len=1460 sndbuf=8009 qlen=3

[ae] tcp_sent session=98 len=1460 sndbuf=9469 qlen=2

[ae] tcp_sent session=98 len=1460 sndbuf=10929 qlen=1

[ae] tcp_sent session=98 len=751 sndbuf=11680 qlen=0

[ae] tcp_sent session=98 len=1460 sndbuf=8009 qlen=3

[ae] tcp_sent session=98 len=1460 sndbuf=9469 qlen=2

[ae] tcp_sent session=98 len=1460 sndbuf=10929 qlen=1

[ae] tcp_sent session=98 len=751 sndbuf=11680 qlen=0

[ae] RX FIN session=98 pcb=20029CA8

[ae] CLOSE REQUEST session=98 pcb=20029CA8 sndbuf=11680 qlen=0 slots=1

[ae] tcp_close session=98 err=0

[ae] CLOSE RELEASE session=98 slots=0

[ae] ACCEPT session=99 pcb=20029D80

[ae] RX HELLO session=99 role=0

[ae] MIC ENABLE session=99 pcb=20029D80

[ae] AUTH OK session=99 role=0

[ae] tcp_sent session=99 len=5 sndbuf=11680 qlen=0

[ae] tcp_sent session=99 len=1460 sndbuf=8009 qlen=3

[ae] tcp_sent session=99 len=2920 sndbuf=10929 qlen=1

[ae] tcp_sent session=99 len=751 sndbuf=11680 qlen=0

[ae] tcp_sent session=99 len=1460 sndbuf=8009 qlen=3

[ae] tcp_sent session=99 len=2920 sndbuf=10929 qlen=1

[ae] tcp_sent session=99 len=751 sndbuf=11680 qlen=0

[ae] tcp_sent session=99 len=1460 sndbuf=8009 qlen=3

[ae] tcp_sent session=99 len=1460 sndbuf=9469 qlen=2

[ae] tcp_sent session=99 len=1460 sndbuf=10929 qlen=1

[ae] tcp_sent session=99 len=751 sndbuf=11680 qlen=0

[ae] RX FIN session=99 pcb=20029D80

[ae] CLOSE REQUEST session=99 pcb=20029D80 sndbuf=11680 qlen=0 slots=1

[ae] tcp_close session=99 err=0

[ae] CLOSE RELEASE session=99 slots=0

[ae] ACCEPT session=100 pcb=20029CA8

[ae] RX HELLO session=100 role=0

[ae] MIC ENABLE session=100 pcb=20029CA8

[ae] AUTH OK session=100 role=0

[ae] tcp_sent session=100 len=5 sndbuf=11680 qlen=0

[ae] tcp_sent session=100 len=1460 sndbuf=8009 qlen=3

[ae] tcp_sent session=100 len=1460 sndbuf=9469 qlen=2

[ae] tcp_sent session=100 len=1460 sndbuf=10929 qlen=1

[ae] tcp_sent session=100 len=751 sndbuf=11680 qlen=0

[ae] tcp_sent session=100 len=1460 sndbuf=8009 qlen=3

[ae] tcp_sent session=100 len=1460 sndbuf=9469 qlen=2

[ae] tcp_sent session=100 len=1460 sndbuf=10929 qlen=1

[ae] tcp_sent session=100 len=751 sndbuf=11680 qlen=0

[ae] tcp_sent session=100 len=1460 sndbuf=8009 qlen=3

[ae] tcp_sent session=100 len=1460 sndbuf=9469 qlen=2

[ae] tcp_sent session=100 len=1460 sndbuf=10929 qlen=1

[ae] tcp_sent session=100 len=751 sndbuf=11680 qlen=0

[ae] RX FIN session=100 pcb=20029CA8

[ae] CLOSE REQUEST session=100 pcb=20029CA8 sndbuf=11680 qlen=0 slots=1

[ae] tcp_close session=100 err=0

[ae] CLOSE RELEASE session=100 slots=0

[ae] ACCEPT session=101 pcb=20029CA8

[ae] RX HELLO session=101 role=0

[ae] MIC ENABLE session=101 pcb=20029CA8

[ae] AUTH OK session=101 role=0

[ae] tcp_sent session=101 len=5 sndbuf=11680 qlen=0

[ae] tcp_sent session=101 len=4380 sndbuf=10929 qlen=1

[ae] tcp_sent session=101 len=751 sndbuf=11680 qlen=0

[ae] tcp_sent session=101 len=1460 sndbuf=8009 qlen=3

[ae] tcp_sent session=101 len=1460 sndbuf=9469 qlen=2

[ae] tcp_sent session=101 len=1460 sndbuf=10929 qlen=1

[ae] tcp_sent session=101 len=751 sndbuf=11680 qlen=0

[ae] tcp_sent session=101 len=1460 sndbuf=8009 qlen=3

[ae] tcp_sent session=101 len=1460 sndbuf=9469 qlen=2

[ae] tcp_sent session=101 len=1460 sndbuf=10929 qlen=1

[ae] tcp_sent session=101 len=751 sndbuf=11680 qlen=0

[ae] RX FIN session=101 pcb=20029CA8

[ae] CLOSE REQUEST session=101 pcb=20029CA8 sndbuf=11680 qlen=0 slots=1

[ae] tcp_close session=101 err=0

[ae] CLOSE RELEASE session=101 slots=0

[ae] status mic=0 play=0 raw=861008 frames=334 ck=0 ws=0 pws=0 pdma=1136

[ae] ACCEPT session=102 pcb=20029D80

[ae] RX HELLO session=102 role=0

[ae] MIC ENABLE session=102 pcb=20029D80

[ae] AUTH OK session=102 role=0

[ae] tcp_sent session=102 len=5 sndbuf=6549 qlen=9

[ae] PUMP WAIT session=102 raw=870794 consumed=340

[ae] tcp_sent session=102 len=576 sndbuf=1994 qlen=18

[ae] RX FIN session=102 pcb=20029D80

[ae] CLOSE REQUEST session=102 pcb=20029D80 sndbuf=1994 qlen=18 slots=1

[ae] tcp_close session=102 err=0

[ae] CLOSE RELEASE session=102 slots=0

[ae] ACCEPT session=103 pcb=20029BD0

[ae] RX HELLO session=103 role=0

[ae] MIC ENABLE session=103 pcb=20029BD0

[ae] AUTH OK session=103 role=0

[ae] tcp_sent session=103 len=5 sndbuf=1418 qlen=19

[ae] tcp_sent session=103 len=576 sndbuf=1994 qlen=18

[ae] RX FIN session=103 pcb=20029BD0

[ae] CLOSE REQUEST session=103 pcb=20029BD0 sndbuf=1994 qlen=18 slots=1

[ae] tcp_close session=103 err=0

[ae] CLOSE RELEASE session=103 slots=0

[ae] status mic=0 play=0 raw=917788 frames=356 ck=1 ws=1 pws=0 pdma=1186

[ae] ACCEPT session=104 pcb=20029BD0

[ae] RX HELLO session=104 role=0

[ae] MIC ENABLE session=104 pcb=20029BD0

[ae] AUTH OK session=104 role=0

[ae] tcp_sent session=104 len=5 sndbuf=6549 qlen=9

[ae] PUMP WAIT session=104 raw=928422 consumed=362

[ae] tcp_sent session=104 len=576 sndbuf=1994 qlen=18

[ae] RX FIN session=104 pcb=20029BD0

[ae] CLOSE REQUEST session=104 pcb=20029BD0 sndbuf=1994 qlen=18 slots=1

[ae] tcp_close session=104 err=0

[ae] CLOSE RELEASE session=104 slots=0

[ae] ACCEPT session=105 pcb=20029BD0

[ae] RX HELLO session=105 role=0

[ae] MIC ENABLE session=105 pcb=20029BD0

[ae] AUTH OK session=105 role=0

[ae] tcp_sent session=105 len=5 sndbuf=6549 qlen=9

[ae] tcp_sent session=105 len=576 sndbuf=1994 qlen=18

[ae] RX FIN session=105 pcb=20029BD0

[ae] CLOSE REQUEST session=105 pcb=20029BD0 sndbuf=1994 qlen=18 slots=1

[ae] tcp_close session=105 err=0

[ae] CLOSE RELEASE session=105 slots=0

[ae] ACCEPT session=106 pcb=20029D80

[ae] RX HELLO session=106 role=0

[ae] MIC ENABLE session=106 pcb=20029D80

[ae] AUTH OK session=106 role=0

[ae] PUMP WAIT session=106 raw=967416 consumed=377

[ae] tcp_sent session=106 len=5 sndbuf=6549 qlen=9

[ae] tcp_sent session=106 len=576 sndbuf=1994 qlen=18

[ae] RX FIN session=106 pcb=20029D80

[ae] CLOSE REQUEST session=106 pcb=20029D80 sndbuf=1994 qlen=18 slots=1

[ae] tcp_close session=106 err=0

[ae] CLOSE RELEASE session=106 slots=0

[ae] status mic=0 play=0 raw=991107 frames=385 ck=0 ws=0 pws=0 pdma=1288

[ae] ACCEPT session=107 pcb=20029D80

[ae] RX HELLO session=107 role=0

[ae] MIC ENABLE session=107 pcb=20029D80

[ae] AUTH OK session=107 role=0

[ae] tcp_sent session=107 len=5 sndbuf=6549 qlen=9

[ae] tcp_sent session=107 len=576 sndbuf=1994 qlen=18

[ae] PUMP WAIT session=107 raw=1014866 consumed=396

[ae] RX FIN session=107 pcb=20029D80

[ae] CLOSE REQUEST session=107 pcb=20029D80 sndbuf=1994 qlen=18 slots=1

[ae] tcp_close session=107 err=0

[ae] CLOSE RELEASE session=107 slots=0

[ae] ACCEPT session=108 pcb=20029BD0

[ae] RX HELLO session=108 role=0

[ae] MIC ENABLE session=108 pcb=20029BD0

[ae] AUTH OK session=108 role=0

[ae] tcp_sent session=108 len=5 sndbuf=6549 qlen=9

[ae] tcp_sent session=108 len=576 sndbuf=1994 qlen=18

[ae] sending mic frame 400

[ae] RX FIN session=108 pcb=20029BD0

[ae] CLOSE REQUEST session=108 pcb=20029BD0 sndbuf=1994 qlen=18 slots=1

[ae] tcp_close session=108 err=0

[ae] CLOSE RELEASE session=108 slots=0

[ae] ACCEPT session=109 pcb=20029BD0

[ae] RX HELLO session=109 role=0

[ae] MIC ENABLE session=109 pcb=20029BD0

[ae] AUTH OK session=109 role=0

[ae] tcp_sent session=109 len=5 sndbuf=6549 qlen=9

[ae] tcp_sent session=109 len=576 sndbuf=1994 qlen=18

[ae] PUMP WAIT session=109 raw=1054326 consumed=411

[ae] RX FIN session=109 pcb=20029BD0

[ae] CLOSE REQUEST session=109 pcb=20029BD0 sndbuf=1994 qlen=18 slots=1

[ae] tcp_close session=109 err=0

[ae] CLOSE RELEASE session=109 slots=0

[ae] ACCEPT session=110 pcb=20029D80

[ae] RX HELLO session=110 role=0

[ae] MIC ENABLE session=110 pcb=20029D80

[ae] AUTH OK session=110 role=0

[ae] tcp_sent session=110 len=5 sndbuf=6549 qlen=9

[ae] tcp_sent session=110 len=576 sndbuf=1994 qlen=18

[ae] status mic=1 play=0 raw=1072509 frames=418 ck=0 ws=1 pws=0 pdma=1354

[ae] RX FIN session=110 pcb=20029D80

[ae] CLOSE REQUEST session=110 pcb=20029D80 sndbuf=1994 qlen=18 slots=1

[ae] tcp_close session=110 err=0

[ae] CLOSE RELEASE session=110 slots=0

[ae] ACCEPT session=111 pcb=20029D80

[ae] RX HELLO session=111 role=0

[ae] MIC ENABLE session=111 pcb=20029D80

[ae] AUTH OK session=111 role=0

[ae] tcp_sent session=111 len=5 sndbuf=1418 qlen=19

[ae] tcp_sent session=111 len=576 sndbuf=1994 qlen=18

[ae] PUMP WAIT session=111 raw=1102948 consumed=430

[ae] RX FIN session=111 pcb=20029D80

[ae] CLOSE REQUEST session=111 pcb=20029D80 sndbuf=1994 qlen=18 slots=1

[ae] tcp_close session=111 err=0

[ae] CLOSE RELEASE session=111 slots=0

[ae] ACCEPT session=112 pcb=20029D80

[ae] RX HELLO session=112 role=0

[ae] MIC ENABLE session=112 pcb=20029D80

[ae] AUTH OK session=112 role=0

[ae] tcp_sent session=112 len=5 sndbuf=6549 qlen=9

[ae] tcp_sent session=112 len=576 sndbuf=1994 qlen=18

[ae] RX FIN session=112 pcb=20029D80

[ae] CLOSE REQUEST session=112 pcb=20029D80 sndbuf=1994 qlen=18 slots=1

[ae] tcp_close session=112 err=0

[ae] CLOSE RELEASE session=112 slots=0

[ae] ACCEPT session=113 pcb=20029AF8

[ae] RX HELLO session=113 role=0

[ae] MIC ENABLE session=113 pcb=20029AF8

[ae] AUTH OK session=113 role=0

[ae] tcp_sent session=113 len=5 sndbuf=1418 qlen=19

[ae] tcp_sent session=113 len=576 sndbuf=1994 qlen=18

[ae] PUMP WAIT session=113 raw=1155560 consumed=451

[ae] RX FIN session=113 pcb=20029AF8

[ae] CLOSE REQUEST session=113 pcb=20029AF8 sndbuf=1994 qlen=18 slots=1

[ae] tcp_close session=113 err=0

[ae] CLOSE RELEASE session=113 slots=0

[ae] status mic=0 play=0 raw=1170226 frames=454 ck=1 ws=0 pws=0 pdma=1396

[ae] ACCEPT session=114 pcb=20029AF8

[ae] RX HELLO session=114 role=0

[ae] MIC ENABLE session=114 pcb=20029AF8

[ae] AUTH OK session=114 role=0

[ae] tcp_sent session=114 len=5 sndbuf=6549 qlen=9

[ae] tcp_sent session=114 len=576 sndbuf=1994 qlen=18

[ae] RX FIN session=114 pcb=20029AF8

[ae] CLOSE REQUEST session=114 pcb=20029AF8 sndbuf=1994 qlen=18 slots=1

[ae] tcp_close session=114 err=0

[ae] CLOSE RELEASE session=114 slots=0

[ae] ACCEPT session=115 pcb=20029AF8

[ae] RX HELLO session=115 role=0

[ae] MIC ENABLE session=115 pcb=20029AF8

[ae] AUTH OK session=115 role=0

[ae] tcp_sent session=115 len=5 sndbuf=6549 qlen=9

[ae] tcp_sent session=115 len=576 sndbuf=1994 qlen=18

[ae] PUMP WAIT session=115 raw=1204833 consumed=470

[ae] RX FIN session=115 pcb=20029AF8

[ae] CLOSE REQUEST session=115 pcb=20029AF8 sndbuf=1994 qlen=18 slots=1

[ae] tcp_close session=115 err=0

[ae] CLOSE RELEASE session=115 slots=0

[ae] ACCEPT session=116 pcb=20029D80

[ae] RX HELLO session=116 role=0

[ae] MIC ENABLE session=116 pcb=20029D80

[ae] AUTH OK session=116 role=0

[ae] tcp_sent session=116 len=5 sndbuf=6549 qlen=9

[ae] tcp_sent session=116 len=576 sndbuf=1994 qlen=18

[ae] RX FIN session=116 pcb=20029D80

[ae] CLOSE REQUEST session=116 pcb=20029D80 sndbuf=1994 qlen=18 slots=1

[ae] tcp_close session=116 err=0

[ae] CLOSE RELEASE session=116 slots=0

[ae] status mic=0 play=0 raw=1235337 frames=481 ck=0 ws=0 pws=0 pdma=1493

[ae] ACCEPT session=117 pcb=20029D80

[ae] RX HELLO session=117 role=0

[ae] MIC ENABLE session=117 pcb=20029D80

[ae] AUTH OK session=117 role=0

[ae] tcp_sent session=117 len=5 sndbuf=6549 qlen=9

[ae] tcp_sent session=117 len=576 sndbuf=1994 qlen=18

[ae] PUMP WAIT session=117 raw=1245836 consumed=486

[ae] RX FIN session=117 pcb=20029D80

[ae] CLOSE REQUEST session=117 pcb=20029D80 sndbuf=1994 qlen=18 slots=1

[ae] tcp_close session=117 err=0

[ae] CLOSE RELEASE session=117 slots=0

[ae] ACCEPT session=118 pcb=20029D80

[ae] RX HELLO session=118 role=0

[ae] MIC ENABLE session=118 pcb=20029D80

[ae] AUTH OK session=118 role=0

[ae] tcp_sent session=118 len=5 sndbuf=6549 qlen=9

[ae] tcp_sent session=118 len=576 sndbuf=1994 qlen=18

[ae] RX FIN session=118 pcb=20029D80

[ae] CLOSE REQUEST session=118 pcb=20029D80 sndbuf=1994 qlen=18 slots=1

[ae] tcp_close session=118 err=0

[ae] CLOSE RELEASE session=118 slots=0

[ae] ACCEPT session=119 pcb=20029D80

[ae] RX HELLO session=119 role=0

[ae] MIC ENABLE session=119 pcb=20029D80

[ae] AUTH OK session=119 role=0

[ae] sending mic frame 500

[ae] tcp_sent session=119 len=5 sndbuf=6549 qlen=9

[ae] tcp_sent session=119 len=576 sndbuf=1994 qlen=18

[ae] PUMP WAIT session=119 raw=1296170 consumed=506

[ae] RX FIN session=119 pcb=20029D80

[ae] CLOSE REQUEST session=119 pcb=20029D80 sndbuf=1994 qlen=18 slots=1

[ae] tcp_close session=119 err=0

[ae] CLOSE RELEASE session=119 slots=0

[ae] status mic=0 play=0 raw=1308591 frames=510 ck=0 ws=0 pws=0 pdma=1574

[ae] ACCEPT session=120 pcb=20029A20

[ae] RX HELLO session=120 role=0

[ae] MIC ENABLE session=120 pcb=20029A20

[ae] AUTH OK session=120 role=0

[ae] tcp_sent session=120 len=5 sndbuf=6549 qlen=9

[ae] tcp_sent session=120 len=576 sndbuf=1994 qlen=18

[ae] RX FIN session=120 pcb=20029A20

[ae] CLOSE REQUEST session=120 pcb=20029A20 sndbuf=1994 qlen=18 slots=1

[ae] tcp_close session=120 err=0

[ae] CLOSE RELEASE session=120 slots=0

[ae] ACCEPT session=121 pcb=20029A20

[ae] RX HELLO session=121 role=0

[ae] MIC ENABLE session=121 pcb=20029A20

[ae] AUTH OK session=121 role=0

[ae] tcp_sent session=121 len=5 sndbuf=1418 qlen=19

[ae] tcp_sent session=121 len=576 sndbuf=1994 qlen=18

[ae] PUMP WAIT session=121 raw=1349795 consumed=527

[ae] RX FIN session=121 pcb=20029A20

[ae] CLOSE REQUEST session=121 pcb=20029A20 sndbuf=1994 qlen=18 slots=1

[ae] tcp_close session=121 err=0

[ae] CLOSE RELEASE session=121 slots=0

[ae] ACCEPT session=122 pcb=20029A20

[ae] RX HELLO session=122 role=0

[ae] MIC ENABLE session=122 pcb=20029A20

[ae] AUTH OK session=122 role=0

[ae] tcp_sent session=122 len=5 sndbuf=6549 qlen=9

[ae] tcp_sent session=122 len=576 sndbuf=1994 qlen=18

[ae] RX FIN session=122 pcb=20029A20

[ae] CLOSE REQUEST session=122 pcb=20029A20 sndbuf=1994 qlen=18 slots=1

[ae] tcp_close session=122 err=0

[ae] CLOSE RELEASE session=122 slots=0

[ae] ACCEPT session=123 pcb=20029A20

[ae] RX HELLO session=123 role=0

[ae] MIC ENABLE session=123 pcb=20029A20

[ae] AUTH OK session=123 role=0

[ae] tcp_sent session=123 len=5 sndbuf=6549 qlen=9

[ae] PUMP WAIT session=123 raw=1396639 consumed=545

[ae] tcp_sent session=123 len=576 sndbuf=1994 qlen=18

[ae] RX FIN session=123 pcb=20029A20

[ae] CLOSE REQUEST session=123 pcb=20029A20 sndbuf=1994 qlen=18 slots=1

[ae] tcp_close session=123 err=0

[ae] CLOSE RELEASE session=123 slots=0

[ae] status mic=0 play=0 raw=1414491 frames=550 ck=0 ws=1 pws=0 pdma=1612

[ae] ACCEPT session=124 pcb=20029D80

[ae] RX HELLO session=124 role=0

[ae] MIC ENABLE session=124 pcb=20029D80

[ae] AUTH OK session=124 role=0

[ae] tcp_sent session=124 len=5 sndbuf=6549 qlen=9

[ae] tcp_sent session=124 len=576 sndbuf=1994 qlen=18

[ae] RX FIN session=124 pcb=20029D80

[ae] CLOSE REQUEST session=124 pcb=20029D80 sndbuf=1994 qlen=18 slots=1

[ae] tcp_close session=124 err=0

[ae] CLOSE RELEASE session=124 slots=0

[ae] ACCEPT session=125 pcb=20029D80

[ae] RX HELLO session=125 role=0

[ae] MIC ENABLE session=125 pcb=20029D80

[ae] AUTH OK session=125 role=0

[ae] tcp_sent session=125 len=5 sndbuf=6549 qlen=9

[ae] tcp_sent session=125 len=576 sndbuf=1994 qlen=18

[ae] PUMP WAIT session=125 raw=1452608 consumed=567

[ae] RX FIN session=125 pcb=20029D80

[ae] CLOSE REQUEST session=125 pcb=20029D80 sndbuf=1994 qlen=18 slots=1

[ae] tcp_close session=125 err=0

[ae] CLOSE RELEASE session=125 slots=0

[ae] ACCEPT session=126 pcb=20029A20

[ae] RX HELLO session=126 role=0

[ae] MIC ENABLE session=126 pcb=20029A20

[ae] AUTH OK session=126 role=0

[ae] tcp_sent session=126 len=5 sndbuf=6549 qlen=9

[ae] tcp_sent session=126 len=576 sndbuf=1994 qlen=18

[ae] RX FIN session=126 pcb=20029A20

[ae] CLOSE REQUEST session=126 pcb=20029A20 sndbuf=1994 qlen=18 slots=1

[ae] tcp_close session=126 err=0

[ae] CLOSE RELEASE session=126 slots=0

[ae] status mic=0 play=0 raw=1487727 frames=580 ck=0 ws=0 pws=0 pdma=1686

[ae] ACCEPT session=127 pcb=20029A20

[ae] RX HELLO session=127 role=0

[ae] MIC ENABLE session=127 pcb=20029A20

[ae] AUTH OK session=127 role=0

[ae] tcp_sent session=127 len=5 sndbuf=6549 qlen=9

[ae] tcp_sent session=127 len=576 sndbuf=1994 qlen=18

[ae] PUMP WAIT session=127 raw=1495968 consumed=584

[ae] RX FIN session=127 pcb=20029A20

[ae] CLOSE REQUEST session=127 pcb=20029A20 sndbuf=1994 qlen=18 slots=1

[ae] tcp_close session=127 err=0

[ae] CLOSE RELEASE session=127 slots=0

[ae] ACCEPT session=128 pcb=20029A20

[ae] RX HELLO session=128 role=0

[ae] MIC ENABLE session=128 pcb=20029A20

[ae] AUTH OK session=128 role=0

[ae] tcp_sent session=128 len=5 sndbuf=6549 qlen=9

[ae] tcp_sent session=128 len=576 sndbuf=1994 qlen=18

[ae] RX FIN session=128 pcb=20029A20

[ae] CLOSE REQUEST session=128 pcb=20029A20 sndbuf=1994 qlen=18 slots=1

[ae] tcp_close session=128 err=0

[ae] CLOSE RELEASE session=128 slots=0

[ae] ACCEPT session=129 pcb=20029A20

[ae] RX HELLO session=129 role=0

[ae] MIC ENABLE session=129 pcb=20029A20

[ae] AUTH OK session=129 role=0

[ae] sending mic frame 600

[ae] tcp_sent session=129 len=5 sndbuf=1418 qlen=19

[ae] PUMP WAIT session=129 raw=1548637 consumed=604

[ae] tcp_sent session=129 len=576 sndbuf=1994 qlen=18

[ae] RX FIN session=129 pcb=20029A20

[ae] CLOSE REQUEST session=129 pcb=20029A20 sndbuf=1994 qlen=18 slots=1

[ae] tcp_close session=129 err=0

[ae] CLOSE RELEASE session=129 slots=0

[ae] status mic=0 play=0 raw=1569165 frames=611 ck=0 ws=1 pws=0 pdma=1764

[ae] ACCEPT session=130 pcb=20029A20

[ae] RX HELLO session=130 role=0

[ae] MIC ENABLE session=130 pcb=20029A20

[ae] AUTH OK session=130 role=0

[ae] tcp_sent session=130 len=5 sndbuf=6549 qlen=9

[ae] tcp_sent session=130 len=576 sndbuf=1994 qlen=18

[ae] RX FIN session=130 pcb=20029A20

[ae] CLOSE REQUEST session=130 pcb=20029A20 sndbuf=1994 qlen=18 slots=1

[ae] tcp_close session=130 err=0

[ae] CLOSE RELEASE session=130 slots=0

[ae] ACCEPT session=131 pcb=20029A20

[ae] RX HELLO session=131 role=0

[ae] MIC ENABLE session=131 pcb=20029A20

[ae] AUTH OK session=131 role=0

[ae] tcp_sent session=131 len=5 sndbuf=6549 qlen=9

[ae] PUMP WAIT session=131 raw=1604718 consumed=626

[ae] tcp_sent session=131 len=576 sndbuf=1994 qlen=18

[ae] RX FIN session=131 pcb=20029A20

[ae] CLOSE REQUEST session=131 pcb=20029A20 sndbuf=1994 qlen=18 slots=1

[ae] tcp_close session=131 err=0

[ae] CLOSE RELEASE session=131 slots=0

[ae] status mic=0 play=0 raw=1626026 frames=633 ck=0 ws=0 pws=0 pdma=1842
